label_a,label_b,feature,mean_a,mean_b,std_a,std_b,difference,abs_difference,cohens_d,abs_cohens_d
Scream,cold,jitter_local,0.04667572655787845,0.0058241229370957,0.006536621217503015,1.8236030636931973e-05,0.04085160362078275,0.04085160362078275,8.838307305463221,8.838307305463221
Scream,cold,shimmer_local,0.21420420546457614,0.036624280626680106,0.02572345243001707,0.001670721776469615,0.17757992483789603,0.17757992483789603,9.74239015682922,9.74239015682922
Scream,cold,hnr_db,0.7107512556390623,19.68861281690484,0.16680859354967298,0.5487651952994942,-18.977861561265776,18.977861561265776,-46.79346616063966,46.79346616063966
Scream,cold,cpps_db,5.1460419874464165,8.494096172924998,0.923099027111598,0.3459276449128511,-3.3480541854785812,3.3480541854785812,-4.803126230815208,4.803126230815208
Scream,cold,sample_entropy,1.0409957625696826,0.2172870979940477,0.3179109989074559,0.06197047910643578,0.823708664575635,0.823708664575635,3.596539705988044,3.596539705988044
Scream,cold,spectral_entropy,12.456781143107023,6.178877708275933,0.5299860350391851,0.6368882563926288,6.27790343483109,6.27790343483109,10.715331478797799,10.715331478797799
Scream,cold,f0_mean_hz,426.2249975744503,203.1775700911874,201.95430660218844,0.6816920493684626,223.0474274832629,223.0474274832629,1.561912223134247,1.561912223134247
Scream,cold,f0_std_hz,5.579737188085294,4.169013654243258,4.172705529246134,1.7982606563817056,1.4107235338420354,1.4107235338420354,0.4390836109299438,0.4390836109299438
Scream,cold,f0_min_hz,411.01211477147285,192.63380805814995,189.2634710277148,1.5735729915297296,218.3783067133229,218.3783067133229,1.6317088964636766,1.6317088964636766
Scream,cold,f0_max_hz,436.2832748026043,232.41065433455438,208.82771280821487,0.9492575129377036,203.87262046804992,203.87262046804992,1.380642646849862,1.380642646849862
Scream,cold,f0_voiced_ratio,0.1467719721830207,0.8822951009312279,0.11097439361549441,0.04629792794858986,-0.7355231287482071,0.7355231287482071,-8.650575354695437,8.650575354695437
Scream,cold,alpha_ratio_db,-8.758194719606701,16.32585485621317,3.726623319109101,0.0906547765346527,-25.08404957581987,25.08404957581987,-9.516312357324738,9.516312357324738
Scream,cold,spectral_flux_mean,0.05104205571115015,0.023503101430833298,0.016517394712445944,0.002815052549404358,0.02753895428031685,0.02753895428031685,2.324360308569338,2.324360308569338
Scream,cold,spectral_flux_std,0.00986322691477335,0.0150006512936007,0.0002609047472869298,0.0038151805372892995,-0.0051374243788273495,0.0051374243788273495,-1.8999063501319067,1.8999063501319067
Scream,cold,spectral_slope_db_per_hz,-0.0030522226312039,-0.0019983942239366996,0.0003172847975516887,1.777916518111195e-05,-0.0010538284072672006,0.0010538284072672006,-4.689805913332771,4.689805913332771
Scream,cold,spectral_centroid_mean_hz,2920.4520884838735,2800.221861458488,1679.5916764433803,492.10289648168646,120.23022702538537,120.23022702538537,0.09714969733672132,0.09714969733672132
Scream,cold,spectral_centroid_std_hz,364.1374508493168,531.4663993738222,252.15372954352912,279.171317213002,-167.32894852450545,167.32894852450545,-0.6290425783748507,0.6290425783748507
Scream,cold,mfcc_1_mean,-219.8958740234375,-481.78785705566406,75.19712045414579,37.5386995638951,261.89198303222656,261.89198303222656,4.406758055255035,4.406758055255035
Scream,cold,mfcc_2_mean,169.42352294921875,133.83209991455078,65.36687312681231,11.771996470952818,35.59142303466797,35.59142303466797,0.757829901265898,0.757829901265898
Scream,cold,mfcc_3_mean,-101.48976516723633,-5.751366376876831,19.107209709204064,2.1958565393889766,-95.7383987903595,95.7383987903595,-7.039709477212007,7.039709477212007
Scream,cold,mfcc_4_mean,-24.319016456604004,29.86565399169922,49.55513831531699,4.908488063837184,-54.18467044830322,54.18467044830322,-1.5388017427905256,1.5388017427905256
Scream,cold,mfcc_5_mean,-41.39676523208618,-39.37749099731445,39.669225453519054,8.62608556574377,-2.0192742347717285,2.0192742347717285,-0.07034353898749506,0.07034353898749506
Scream,cold,mfcc_6_mean,-11.716188430786133,29.12728500366211,48.606181453432136,0.5109357920791376,-40.84347343444824,40.84347343444824,-1.188289254135242,1.188289254135242
Scream,cold,mfcc_7_mean,-4.961105823516845,-6.865737438201904,26.869215422468166,1.6297741248442448,1.9046316146850595,1.9046316146850595,0.10006300821172422,0.10006300821172422
Scream,cold,mfcc_8_mean,27.847543716430664,37.19442272186279,12.042618350668176,9.515354397942277,-9.346879005432129,9.346879005432129,-0.861241081785745,0.861241081785745
Scream,cold,mfcc_9_mean,-25.914862632751465,8.70104718208313,4.128811827360212,6.35257902135747,-34.615909814834595,34.615909814834595,-6.461389512896786,6.461389512896786
Scream,cold,mfcc_10_mean,-11.769207954406738,-13.62798547744751,2.686104297995451,1.2490242158438625,1.8587775230407715,1.8587775230407715,0.8873878089756349,0.8873878089756349
Scream,cold,mfcc_11_mean,7.424710988998413,0.1598198413848878,8.618303908809501,1.7657548624184587,7.264891147613525,7.264891147613525,1.167866285526563,1.167866285526563
Scream,cold,mfcc_12_mean,-13.599610805511475,0.8205314204096792,0.053237875990232816,1.4997946875662087,-14.420142225921154,14.420142225921154,-13.588743245009853,13.588743245009853
Scream,cold,mfcc_13_mean,-13.55201244354248,4.038214206695557,2.9719422015476056,2.7848654908244823,-17.590226650238037,17.590226650238037,-6.107880284099656,6.107880284099656
Scream,cold,mfcc_1_std,48.977046966552734,75.60947036743164,9.338668065488852,9.472599286113674,-26.632423400878906,26.632423400878906,-2.8314677498152627,2.8314677498152627
Scream,cold,mfcc_2_std,17.65632915496826,15.961593627929688,1.8233212197507604,8.703204183275059,1.6947355270385742,1.6947355270385742,0.26953200317657405,0.26953200317657405
Scream,cold,mfcc_3_std,23.341331005096436,12.04234790802002,15.621189920901934,2.3405918517484796,11.298983097076416,11.298983097076416,1.0116240134726895,1.0116240134726895
Scream,cold,mfcc_4_std,10.961939334869385,9.28045129776001,2.749102709751229,0.2098299397728204,1.681488037109375,1.681488037109375,0.8624947012428814,0.8624947012428814
Scream,cold,mfcc_5_std,14.889410018920898,18.21914577484131,2.0463245784941457,1.1066764381588035,-3.32973575592041,3.32973575592041,-2.0241317219555977,2.0241317219555977
Scream,cold,mfcc_6_std,9.288090944290161,8.690972328186035,2.7535173392516556,0.7714073619739198,0.597118616104126,0.597118616104126,0.2953116276352619,0.2953116276352619
Scream,cold,mfcc_7_std,8.86314082145691,7.651315450668335,1.891055925754801,0.27508775978357214,1.2118253707885742,1.2118253707885742,0.8968164805797917,0.8968164805797917
Scream,cold,mfcc_8_std,8.068250179290771,9.049815654754639,2.3613881183281187,0.5378591989078968,-0.9815654754638672,0.9815654754638672,-0.5731703793213355,0.5731703793213355
Scream,cold,mfcc_9_std,7.9992454051971436,5.836207151412964,2.3675027831100794,1.5468813890669588,2.1630382537841797,2.1630382537841797,1.0816603292959444,1.0816603292959444
Scream,cold,mfcc_10_std,8.047422170639038,7.140035629272461,4.815270361699094,2.0898524949370447,0.9073865413665771,0.9073865413665771,0.2444626664957919,0.2444626664957919
Scream,cold,mfcc_11_std,5.913612365722656,4.002268671989441,2.0981604817155124,0.35443898017418435,1.9113436937332153,1.9113436937332153,1.2702966755941687,1.2702966755941687
Scream,cold,mfcc_12_std,9.678184747695923,5.068881392478943,5.7905720384763475,1.5909472678842513,4.60930335521698,4.60930335521698,1.085491337272745,1.085491337272745
Scream,cold,mfcc_13_std,7.5244622230529785,5.307478666305542,2.8888751464048785,0.530482151719338,2.2169835567474365,2.2169835567474365,1.0674493959887754,1.0674493959887754
Scream,fatigue,jitter_local,0.04667572655787845,0.008154275642065367,0.006536621217503015,0.002726610708536527,0.038521450915813084,0.038521450915813084,10.556170002595335,10.556170002595335
Scream,fatigue,shimmer_local,0.21420420546457614,0.07026369454771246,0.02572345243001707,0.02932685120131518,0.14394051091686366,0.14394051091686366,5.005293407195431,5.005293407195431
Scream,fatigue,hnr_db,0.7107512556390623,12.69393424784037,0.16680859354967298,3.6850484729836688,-11.983182992201307,11.983182992201307,-3.5614810593392305,3.5614810593392305
Scream,fatigue,cpps_db,5.1460419874464165,10.18374704727126,0.923099027111598,1.0826370175055355,-5.037705059824843,5.037705059824843,-4.762797590494115,4.762797590494115
Scream,fatigue,sample_entropy,1.0409957625696826,0.3930427524685814,0.3179109989074559,0.2276035918067951,0.6479530101011013,0.6479530101011013,2.644947138251125,2.644947138251125
Scream,fatigue,spectral_entropy,12.456781143107023,10.383428669028337,0.5299860350391851,0.9302152027712122,2.0733524740786855,2.0733524740786855,2.36603642855552,2.36603642855552
Scream,fatigue,f0_mean_hz,426.2249975744503,199.19295320064518,201.95430660218844,23.37384680201305,227.03204437380512,227.03204437380512,2.665828371405913,2.665828371405913
Scream,fatigue,f0_std_hz,5.579737188085294,30.889818602722347,4.172705529246134,23.299241642207377,-25.310081414637054,25.310081414637054,-1.1861889557240857,1.1861889557240857
Scream,fatigue,f0_min_hz,411.01211477147285,144.01329047337447,189.2634710277148,54.19180665077611,266.9988242980984,266.9988242980984,2.9101828421860234,2.9101828421860234
Scream,fatigue,f0_max_hz,436.2832748026043,253.5780211603075,208.82771280821487,30.10541631191664,182.7052536422968,182.7052536422968,2.0397196836201212,2.0397196836201212
Scream,fatigue,f0_voiced_ratio,0.1467719721830207,0.8496355593599412,0.11097439361549441,0.08177222145660397,-0.7028635871769204,0.7028635871769204,-8.049276210003615,8.049276210003615
Scream,fatigue,alpha_ratio_db,-8.758194719606701,4.799595031541518,3.726623319109101,3.8025615005812865,-13.557789751148219,13.557789751148219,-3.5772430386344327,3.5772430386344327
Scream,fatigue,spectral_flux_mean,0.05104205571115015,0.029227530894180082,0.016517394712445944,0.00564163341643682,0.021814524816970066,0.021814524816970066,2.5709721434228165,2.5709721434228165
Scream,fatigue,spectral_flux_std,0.00986322691477335,0.011195249609253234,0.0002609047472869298,0.0032371324476195254,-0.0013320226944798837,0.0013320226944798837,-0.45046374765024505,0.45046374765024505
Scream,fatigue,spectral_slope_db_per_hz,-0.0030522226312039,-0.0024917223582325166,0.0003172847975516887,0.00016980487863719738,-0.0005605002729713836,0.0005605002729713836,-2.774673775814358,2.774673775814358
Scream,fatigue,spectral_centroid_mean_hz,2920.4520884838735,2300.9205033930284,1679.5916764433803,910.2904647007133,619.531585090845,619.531585090845,0.5750483187784683,0.5750483187784683
Scream,fatigue,spectral_centroid_std_hz,364.1374508493168,410.5343482119693,252.15372954352912,200.44502039588517,-46.39689736265251,46.39689736265251,-0.22099084182311873,0.22099084182311873
Scream,fatigue,mfcc_1_mean,-219.8958740234375,-474.8296610514323,75.19712045414579,56.28836838454641,254.9337870279948,254.9337870279948,4.25911193627273,4.25911193627273
Scream,fatigue,mfcc_2_mean,169.42352294921875,182.83150736490884,65.36687312681231,45.073420063275364,-13.407984415690095,13.407984415690095,-0.273396217752268,0.273396217752268
Scream,fatigue,mfcc_3_mean,-101.48976516723633,-48.678802808125816,19.107209709204064,25.42164998924612,-52.81096235911051,52.81096235911051,-2.1570812460116744,2.1570812460116744
Scream,fatigue,mfcc_4_mean,-24.319016456604004,3.4482768376668296,49.55513831531699,28.456496589421377,-27.767293294270832,27.767293294270832,-0.8433343420680072,0.8433343420680072
Scream,fatigue,mfcc_5_mean,-41.39676523208618,-25.15061941742897,39.669225453519054,22.1483954837196,-16.24614581465721,16.24614581465721,-0.6271439938541287,0.6271439938541287
Scream,fatigue,mfcc_6_mean,-11.716188430786133,-15.843696594238281,48.606181453432136,34.264015377730466,4.127508163452148,4.127508163452148,0.11142768053668507,0.11142768053668507
Scream,fatigue,mfcc_7_mean,-4.961105823516845,-1.2449811299641924,26.869215422468166,16.53925478882125,-3.7161246935526524,3.7161246935526524,-0.1991246497766709,0.1991246497766709
Scream,fatigue,mfcc_8_mean,27.847543716430664,30.820935408274334,12.042618350668176,12.212519849122907,-2.97339169184367,2.97339169184367,-0.24403332402487105,0.24403332402487105
Scream,fatigue,mfcc_9_mean,-25.914862632751465,-14.693161646525065,4.128811827360212,4.65110114995178,-11.2217009862264,11.2217009862264,-2.456481106127435,2.456481106127435
Scream,fatigue,mfcc_10_mean,-11.769207954406738,-11.17012063662211,2.686104297995451,4.800268474509689,-0.5990873177846279,0.5990873177846279,-0.13262496940700524,0.13262496940700524
Scream,fatigue,mfcc_11_mean,7.424710988998413,-4.938218871752421,8.618303908809501,6.5718563903283345,12.362929860750835,12.362929860750835,1.7775921811662878,1.7775921811662878
Scream,fatigue,mfcc_12_mean,-13.599610805511475,-0.08513838052749634,0.053237875990232816,6.314159930684381,-13.514472424983978,13.514472424983978,-2.3446123821516807,2.3446123821516807
Scream,fatigue,mfcc_13_mean,-13.55201244354248,0.7327908277511597,2.9719422015476056,4.766270362959869,-14.28480327129364,14.28480327129364,-3.1624617872244136,3.1624617872244136
Scream,fatigue,mfcc_1_std,48.977046966552734,63.63781134287516,9.338668065488852,23.482070748212884,-14.660764376322426,14.660764376322426,-0.6733617387299732,0.6733617387299732
Scream,fatigue,mfcc_2_std,17.65632915496826,24.212305704752605,1.8233212197507604,11.162595284679877,-6.555976549784344,6.555976549784344,-0.6416632861978117,0.6416632861978117
Scream,fatigue,mfcc_3_std,23.341331005096436,16.111111640930176,15.621189920901934,4.5380276535838435,7.23021936416626,7.23021936416626,0.9507549358289831,0.9507549358289831
Scream,fatigue,mfcc_4_std,10.961939334869385,7.782267014185588,2.749102709751229,1.5283225476009374,3.179672320683797,3.179672320683797,1.7758076614355047,1.7758076614355047
Scream,fatigue,mfcc_5_std,14.889410018920898,13.630963325500488,2.0463245784941457,8.84284748659059,1.2584466934204102,1.2584466934204102,0.15506722064442205,0.15506722064442205
Scream,fatigue,mfcc_6_std,9.288090944290161,7.767531792322795,2.7535173392516556,4.626612720479647,1.5205591519673662,1.5205591519673662,0.34791125339284107,0.34791125339284107
Scream,fatigue,mfcc_7_std,8.86314082145691,6.608863115310669,1.891055925754801,2.353234417596548,2.2542777061462402,2.2542777061462402,0.9875434899346828,0.9875434899346828
Scream,fatigue,mfcc_8_std,8.068250179290771,7.444841821988423,2.3613881183281187,3.260747888497099,0.6234083573023481,0.6234083573023481,0.19924465494606983,0.19924465494606983
Scream,fatigue,mfcc_9_std,7.9992454051971436,6.569913148880005,2.3675027831100794,1.5814867409194566,1.4293322563171387,1.4293322563171387,0.8227023701306658,0.8227023701306658
Scream,fatigue,mfcc_10_std,8.047422170639038,5.364468415578206,4.815270361699094,1.6846946648431271,2.682953755060832,2.682953755060832,1.0749342249131342,1.0749342249131342
Scream,fatigue,mfcc_11_std,5.913612365722656,4.816935261090596,2.0981604817155124,0.9492609452981745,1.09667710463206,1.09667710463206,0.900057323045812,0.900057323045812
Scream,fatigue,mfcc_12_std,9.678184747695923,4.343783100446065,5.7905720384763475,0.8190283471811293,5.334401647249858,5.334401647249858,2.151482641422056,2.151482641422056
Scream,fatigue,mfcc_13_std,7.5244622230529785,4.49340037504832,2.8888751464048785,0.836615531261852,3.0310618480046587,3.0310618480046587,2.157241284187667,2.157241284187667
Scream,hoarsed,jitter_local,0.04667572655787845,0.021422882518996853,0.006536621217503015,0.015633772857435214,0.0252528440388816,0.0252528440388816,1.6616265633432559,1.6616265633432559
Scream,hoarsed,shimmer_local,0.21420420546457614,0.09773073114554866,0.02572345243001707,0.047552817319787,0.11647347431902748,0.11647347431902748,2.5092299550693835,2.5092299550693835
Scream,hoarsed,hnr_db,0.7107512556390623,9.877943534344203,0.16680859354967298,5.435515029300863,-9.16719227870514,9.16719227870514,-1.745671992623319,1.745671992623319
Scream,hoarsed,cpps_db,5.1460419874464165,9.607261926979723,0.923099027111598,1.7094248306931028,-4.461219939533306,4.461219939533306,-2.673675752458821,2.673675752458821
Scream,hoarsed,sample_entropy,1.0409957625696826,0.5533005855210145,0.3179109989074559,0.33287509299179313,0.48769517704866816,0.48769517704866816,1.4694107095254343,1.4694107095254343
Scream,hoarsed,spectral_entropy,12.456781143107023,10.94388267591737,0.5299860350391851,1.6804373043334462,1.5128984671896522,1.5128984671896522,0.9286065279996496,0.9286065279996496
Scream,hoarsed,f0_mean_hz,426.2249975744503,195.94251529449878,201.95430660218844,38.48454168754062,230.28248227995152,230.28248227995152,3.5958123746307322,3.5958123746307322
Scream,hoarsed,f0_std_hz,5.579737188085294,46.04795486027542,4.172705529246134,47.524433709907015,-40.46821767219012,40.46821767219012,-0.8811689791607304,0.8811689791607304
Scream,hoarsed,f0_min_hz,411.01211477147285,122.99092662948638,189.2634710277148,68.1359130681734,288.0211881419865,288.0211881419865,3.5132251678399435,3.5132251678399435
Scream,hoarsed,f0_max_hz,436.2832748026043,270.1575775263667,208.82771280821487,92.03884214509229,166.1256972762376,166.1256972762376,1.5975343473622245,1.5975343473622245
Scream,hoarsed,f0_voiced_ratio,0.1467719721830207,0.6154253946319295,0.11097439361549441,0.2722344185895829,-0.46865342244890873,0.46865342244890873,-1.771446845538976,1.771446845538976
Scream,hoarsed,alpha_ratio_db,-8.758194719606701,6.159425240002512,3.726623319109101,5.484763146889771,-14.917619959609212,14.917619959609212,-2.7699908153292037,2.7699908153292037
Scream,hoarsed,spectral_flux_mean,0.05104205571115015,0.03945820567508534,0.016517394712445944,0.012651189450475544,0.01158385003606481,0.01158385003606481,0.8948574776913714,0.8948574776913714
Scream,hoarsed,spectral_flux_std,0.00986322691477335,0.016473482241060714,0.0002609047472869298,0.006321356950532804,-0.006610255326287364,0.006610255326287364,-1.0823385106396763,1.0823385106396763
Scream,hoarsed,spectral_slope_db_per_hz,-0.0030522226312039,-0.0027220285171610003,0.0003172847975516887,0.00036521401715367837,-0.0003301941140428999,0.0003301941140428999,-0.911594251731703,0.911594251731703
Scream,hoarsed,spectral_centroid_mean_hz,2920.4520884838735,2569.7392903266136,1679.5916764433803,868.52648207712,350.71279815725984,350.71279815725984,0.37131335141827654,0.37131335141827654
Scream,hoarsed,spectral_centroid_std_hz,364.1374508493168,535.9254940266876,252.15372954352912,214.89535471535692,-171.7880431773708,171.7880431773708,-0.7895475468191261,0.7895475468191261
Scream,hoarsed,mfcc_1_mean,-219.8958740234375,-378.10597534179686,75.19712045414579,72.76092554051873,158.21010131835936,158.21010131835936,2.1694646925079044,2.1694646925079044
Scream,hoarsed,mfcc_2_mean,169.42352294921875,168.80635884602864,65.36687312681231,28.899257825237868,0.6171641031901061,0.6171641031901061,0.018917317244575703,0.018917317244575703
Scream,hoarsed,mfcc_3_mean,-101.48976516723633,-38.75020984013875,19.107209709204064,27.567176593055205,-62.73955532709758,62.73955532709758,-2.316351070665114,2.316351070665114
Scream,hoarsed,mfcc_4_mean,-24.319016456604004,17.55293108622233,49.55513831531699,27.230677627816537,-41.871947542826334,41.871947542826334,-1.4313293428567997,1.4313293428567997
Scream,hoarsed,mfcc_5_mean,-41.39676523208618,-33.52089145183563,39.669225453519054,24.367067224134495,-7.875873780250551,7.875873780250551,-0.3067818174207409,0.3067818174207409
Scream,hoarsed,mfcc_6_mean,-11.716188430786133,3.8317506631215412,48.606181453432136,23.367789987408095,-15.547939093907674,15.547939093907674,-0.6019490774685579,0.6019490774685579
Scream,hoarsed,mfcc_7_mean,-4.961105823516845,-13.230841700236002,26.869215422468166,16.01029011031329,8.269735876719157,8.269735876719157,0.4878318028238622,0.4878318028238622
Scream,hoarsed,mfcc_8_mean,27.847543716430664,24.379607804616292,12.042618350668176,14.740530192675404,3.467935911814372,3.467935911814372,0.2379174794679397,0.2379174794679397
Scream,hoarsed,mfcc_9_mean,-25.914862632751465,-13.305412709712982,4.128811827360212,13.055298786261039,-12.609449923038483,12.609449923038483,-0.9961967655777221,0.9961967655777221
Scream,hoarsed,mfcc_10_mean,-11.769207954406738,-14.021076027552287,2.686104297995451,8.91015414151385,2.2518680731455483,2.2518680731455483,0.2607559788711307,0.2607559788711307
Scream,hoarsed,mfcc_11_mean,7.424710988998413,6.108600433667501,8.618303908809501,9.753150263245342,1.316110555330912,1.316110555330912,0.13593889866623363,0.13593889866623363
Scream,hoarsed,mfcc_12_mean,-13.599610805511475,-2.1198933442433674,0.053237875990232816,10.920523491557804,-11.479717461268107,11.479717461268107,-1.0881004376691605,1.0881004376691605
Scream,hoarsed,mfcc_13_mean,-13.55201244354248,1.0677499254544576,2.9719422015476056,11.399753457892512,-14.619762368996938,14.619762368996938,-1.3242647953232247,1.3242647953232247
Scream,hoarsed,mfcc_1_std,48.977046966552734,70.42722307840982,9.338668065488852,32.2838147413101,-21.45017611185709,21.45017611185709,-0.6856991872763609,0.6856991872763609
Scream,hoarsed,mfcc_2_std,17.65632915496826,24.75178419748942,1.8233212197507604,10.546030275610017,-7.095455042521159,7.095455042521159,-0.6956803098915136,0.6956803098915136
Scream,hoarsed,mfcc_3_std,23.341331005096436,17.22284984588623,15.621189920901934,6.147885984902506,6.118481159210205,6.118481159210205,0.8522186381669523,0.8522186381669523
Scream,hoarsed,mfcc_4_std,10.961939334869385,10.662322044372559,2.749102709751229,3.4457024441531066,0.29961729049682617,0.29961729049682617,0.08802691947464897,0.08802691947464897
Scream,hoarsed,mfcc_5_std,14.889410018920898,17.030919488271078,2.0463245784941457,8.174484478151332,-2.1415094693501793,2.1415094693501793,-0.2705648855378392,0.2705648855378392
Scream,hoarsed,mfcc_6_std,9.288090944290161,7.710032653808594,2.7535173392516556,1.9038588117822421,1.5780582904815672,1.5780582904815672,0.8002626159057437,0.8002626159057437
Scream,hoarsed,mfcc_7_std,8.86314082145691,10.776522827148437,1.891055925754801,5.10973847574292,-1.9133820056915276,1.9133820056915276,-0.3857185646014942,0.3857185646014942
Scream,hoarsed,mfcc_8_std,8.068250179290771,8.077933820088704,2.3613881183281187,2.7726412656837276,-0.009683640797932824,0.009683640797932824,-0.003524989365094255,0.003524989365094255
Scream,hoarsed,mfcc_9_std,7.9992454051971436,8.13822374343872,2.3675027831100794,2.367006328476866,-0.1389783382415768,0.1389783382415768,-0.05871399375817902,0.05871399375817902
Scream,hoarsed,mfcc_10_std,8.047422170639038,7.9001728057861325,4.815270361699094,2.308072078712189,0.14724936485290563,0.14724936485290563,0.057676861604172125,0.057676861604172125
Scream,hoarsed,mfcc_11_std,5.913612365722656,6.98631919225057,2.0981604817155124,2.126371816779144,-1.0727068265279138,1.0727068265279138,-0.5049213721734008,0.5049213721734008
Scream,hoarsed,mfcc_12_std,9.678184747695923,7.736848672231038,5.7905720384763475,2.6982960864955983,1.9413360754648847,1.9413360754648847,0.6460076993663367,0.6460076993663367
Scream,hoarsed,mfcc_13_std,7.5244622230529785,6.767851463953654,2.8888751464048785,2.145713999701152,0.756610759099325,0.756610759099325,0.34343454940746154,0.34343454940746154
Scream,normal,jitter_local,0.04667572655787845,0.004884150535626957,0.006536621217503015,0.0017581151643062333,0.041791576022251496,0.041791576022251496,17.173122799976493,17.173122799976493
Scream,normal,shimmer_local,0.21420420546457614,0.04459556121545696,0.02572345243001707,0.03804134004674267,0.16960864424911917,0.16960864424911917,4.54755697607688,4.54755697607688
Scream,normal,hnr_db,0.7107512556390623,19.98296848164554,0.16680859354967298,4.473971898176597,-19.272217226006475,19.272217226006475,-4.470000309878715,4.470000309878715
Scream,normal,cpps_db,5.1460419874464165,11.19677956864898,0.923099027111598,2.2810384991093824,-6.050737581202563,6.050737581202563,-2.735581111973384,2.735581111973384
Scream,normal,sample_entropy,1.0409957625696826,0.5076392244026463,0.3179109989074559,0.47174253595965254,0.5333565381670363,0.5333565381670363,1.1533163322308446,1.1533163322308446
Scream,normal,spectral_entropy,12.456781143107023,7.869632554546853,0.5299860350391851,1.8725188978173959,4.5871485885601695,4.5871485885601695,2.5343987752244166,2.5343987752244166
Scream,normal,f0_mean_hz,426.2249975744503,206.57606151216268,201.95430660218844,52.8800833524677,219.64893606228762,219.64893606228762,2.9591050818680364,2.9591050818680364
Scream,normal,f0_std_hz,5.579737188085294,7.483609639312459,4.172705529246134,9.765646644246479,-1.9038724512271656,1.9038724512271656,-0.20090964698263317,0.20090964698263317
Scream,normal,f0_min_hz,411.01211477147285,176.47383542778633,189.2634710277148,69.27402975335285,234.53827934368653,234.53827934368653,2.800323436645041,2.800323436645041
Scream,normal,f0_max_hz,436.2832748026043,233.21476647558325,208.82771280821487,62.33404814306496,203.06850832702105,203.06850832702105,2.476643209626977,2.476643209626977
Scream,normal,f0_voiced_ratio,0.1467719721830207,0.8637738812452583,0.11097439361549441,0.05550110549796784,-0.7170019090622376,0.7170019090622376,-11.724216836606928,11.724216836606928
Scream,normal,alpha_ratio_db,-8.758194719606701,9.78309073348546,3.726623319109101,6.932600379962883,-18.54128545309216,18.54128545309216,-2.7451253741054487,2.7451253741054487
Scream,normal,spectral_flux_mean,0.05104205571115015,0.026675455937428094,0.016517394712445944,0.006003671012775371,0.024366599773722054,0.024366599773722054,3.3483703112686363,3.3483703112686363
Scream,normal,spectral_flux_std,0.00986322691477335,0.022576890692235015,0.0002609047472869298,0.009016213213448773,-0.012713663777461665,0.012713663777461665,-1.46327146577145,1.46327146577145
Scream,normal,spectral_slope_db_per_hz,-0.0030522226312039,-0.0021887537780039285,0.0003172847975516887,0.0002700405439660568,-0.0008634688531999717,0.0008634688531999717,-3.1549648629618714,3.1549648629618714
Scream,normal,spectral_centroid_mean_hz,2920.4520884838735,2001.6733675164967,1679.5916764433803,553.8426221880123,918.7787209673768,918.7787209673768,1.317479342955396,1.317479342955396
Scream,normal,spectral_centroid_std_hz,364.1374508493168,539.7155123572439,252.15372954352912,291.5251178538768,-175.57806150792715,175.57806150792715,-0.6077660338643,0.6077660338643
Scream,normal,mfcc_1_mean,-219.8958740234375,-410.35034833635603,75.19712045414579,47.208795437403566,190.45447431291853,190.45447431291853,3.8295323885792305,3.8295323885792305
Scream,normal,mfcc_2_mean,169.42352294921875,162.5415758405413,65.36687312681231,25.647889501586114,6.881947108677451,6.881947108677451,0.2273822699200185,0.2273822699200185
Scream,normal,mfcc_3_mean,-101.48976516723633,-30.98635114942278,19.107209709204064,23.59026590054216,-70.50341401781355,70.50341401781355,-3.0260700277834442,3.0260700277834442
Scream,normal,mfcc_4_mean,-24.319016456604004,11.897525719233922,49.55513831531699,23.429990982971997,-36.21654217583793,36.21654217583793,-1.3836006511102903,1.3836006511102903
Scream,normal,mfcc_5_mean,-41.39676523208618,-9.962712798799787,39.669225453519054,23.612284353254488,-31.434052433286396,31.434052433286396,-1.2522442866208656,1.2522442866208656
Scream,normal,mfcc_6_mean,-11.716188430786133,5.329466887882778,48.606181453432136,19.329737893596697,-17.04565531866891,17.04565531866891,-0.7506079955096814,0.7506079955096814
Scream,normal,mfcc_7_mean,-4.961105823516845,-10.925965262310845,26.869215422468166,8.857166451552075,5.964859438794,5.964859438794,0.5347680774909345,0.5347680774909345
Scream,normal,mfcc_8_mean,27.847543716430664,21.519759723118373,12.042618350668176,10.576728500867592,6.327783993312291,6.327783993312291,0.5920398727042991,0.5920398727042991
Scream,normal,mfcc_9_mean,-25.914862632751465,-2.766611940094403,4.128811827360212,11.92559989023834,-23.14825069265706,23.14825069265706,-2.0051057829442063,2.0051057829442063
Scream,normal,mfcc_10_mean,-11.769207954406738,-14.120933737073626,2.686104297995451,9.030311592532446,2.351725782666888,2.351725782666888,0.26934156042196705,0.26934156042196705
Scream,normal,mfcc_11_mean,7.424710988998413,2.7103565505572726,8.618303908809501,10.691816991433033,4.71435443844114,4.71435443844114,0.44655249438671063,0.44655249438671063
Scream,normal,mfcc_12_mean,-13.599610805511475,5.28680516566549,0.053237875990232816,11.836131611022568,-18.886415971176966,18.886415971176966,-1.65589108835022,1.65589108835022
Scream,normal,mfcc_13_mean,-13.55201244354248,-0.6928167045116425,2.9719422015476056,9.361581986673105,-12.859195739030838,12.859195739030838,-1.4199726276233053,1.4199726276233053
Scream,normal,mfcc_1_std,48.977046966552734,81.5099310193743,9.338668065488852,19.39347463011593,-32.53288405282157,32.53288405282157,-1.7255208878687287,1.7255208878687287
Scream,normal,mfcc_2_std,17.65632915496826,28.86640875680106,1.8233212197507604,14.342232402896624,-11.210079601832799,11.210079601832799,-0.8106147231490269,0.8106147231490269
Scream,normal,mfcc_3_std,23.341331005096436,20.990635531289236,15.621189920901934,7.212130064420314,2.3506954738071997,2.3506954738071997,0.2899451945212224,0.2899451945212224
Scream,normal,mfcc_4_std,10.961939334869385,9.253325871058873,2.749102709751229,2.7381400459188274,1.7086134638105115,1.7086134638105115,0.6238264083439826,0.6238264083439826
Scream,normal,mfcc_5_std,14.889410018920898,14.59949357169015,2.0463245784941457,8.283487238141323,0.2899164472307483,0.2899164472307483,0.03623556182059441,0.03623556182059441
Scream,normal,mfcc_6_std,9.288090944290161,7.616523095539638,2.7535173392516556,3.1458581295792505,1.6715678487505228,1.6715678487505228,0.5358498367570318,0.5358498367570318
Scream,normal,mfcc_7_std,8.86314082145691,10.473699637821742,1.891055925754801,3.170522566300928,-1.6105588163648328,1.6105588163648328,-0.5200865106026181,0.5200865106026181
Scream,normal,mfcc_8_std,8.068250179290771,7.561280693326678,2.3613881183281187,2.0010530085818057,0.5069694859640936,0.5069694859640936,0.24987225959725046,0.24987225959725046
Scream,normal,mfcc_9_std,7.9992454051971436,7.553131341934204,2.3675027831100794,1.988243093952798,0.44611406326293945,0.44611406326293945,0.22110044691762146,0.22110044691762146
Scream,normal,mfcc_10_std,8.047422170639038,8.172369888850621,4.815270361699094,2.2948822721900077,-0.12494771821158324,0.12494771821158324,-0.04883412805424656,0.04883412805424656
Scream,normal,mfcc_11_std,5.913612365722656,6.338567563465664,2.0981604817155124,1.8040025411670773,-0.4249551977430075,0.4249551977430075,-0.23265004355374386,0.23265004355374386
Scream,normal,mfcc_12_std,9.678184747695923,6.893695729119437,5.7905720384763475,2.143741620644702,2.784489018576486,2.784489018576486,1.0787715435800744,1.0787715435800744
Scream,normal,mfcc_13_std,7.5244622230529785,6.2160661561148505,2.8888751464048785,2.6453526805312944,1.308396066938128,1.308396066938128,0.4912345126040016,0.4912345126040016
Scream,wind,jitter_local,0.04667572655787845,0.06878459697659806,0.006536621217503015,0.01594640411307099,-0.022108870418719603,0.022108870418719603,-1.8142293939639784,1.8142293939639784
Scream,wind,shimmer_local,0.21420420546457614,0.2070270886003594,0.02572345243001707,0.001426741344011286,0.007177116864216737,0.007177116864216737,0.39397509571938344,0.39397509571938344
Scream,wind,hnr_db,0.7107512556390623,2.435224632072282,0.16680859354967298,2.440659623724155,-1.7244733764332196,1.7244733764332196,-0.9969016451120835,0.9969016451120835
Scream,wind,cpps_db,5.1460419874464165,4.458027037047914,0.923099027111598,1.1441640875492203,0.6880149503985029,0.6880149503985029,0.6618553069228404,0.6618553069228404
Scream,wind,sample_entropy,1.0409957625696826,1.1210111440059343,0.3179109989074559,0.5227269619227829,-0.08001538143625164,0.08001538143625164,-0.1849576302083148,0.1849576302083148
Scream,wind,spectral_entropy,12.456781143107023,13.124600465204914,0.5299860350391851,0.9531174415075295,-0.6678193220978912,0.6678193220978912,-0.8660141185135404,0.8660141185135404
Scream,wind,f0_mean_hz,426.2249975744503,549.8638546096671,201.95430660218844,35.70935322618015,-123.6388570352168,123.6388570352168,-0.8525733084787652,0.8525733084787652
Scream,wind,f0_std_hz,5.579737188085294,9.723436273497192,4.172705529246134,3.174045634321595,-4.143699085411899,4.143699085411899,-1.1177563427789359,1.1177563427789359
Scream,wind,f0_min_hz,411.01211477147285,519.1027539226171,189.2634710277148,27.55001882281726,-108.09063915114427,108.09063915114427,-0.799251059717722,0.799251059717722
Scream,wind,f0_max_hz,436.2832748026043,572.319438392597,208.82771280821487,11.68712076782662,-136.03616358999273,136.03616358999273,-0.9198185690062423,0.9198185690062423
Scream,wind,f0_voiced_ratio,0.1467719721830207,0.1397014170040485,0.11097439361549441,0.14918664831815368,0.007070555178972204,0.007070555178972204,0.05377822167019519,0.05377822167019519
Scream,wind,alpha_ratio_db,-8.758194719606701,-3.5541096613761542,3.726623319109101,0.44446467512904086,-5.204085058230547,5.204085058230547,-1.9609963832748816,1.9609963832748816
Scream,wind,spectral_flux_mean,0.05104205571115015,0.04506562091410155,0.016517394712445944,4.340335143208581e-05,0.0059764347970485965,0.0059764347970485965,0.5116984918964613,0.5116984918964613
Scream,wind,spectral_flux_std,0.00986322691477335,0.016651589849649102,0.0002609047472869298,0.008434484846081497,-0.006788362934875752,0.006788362934875752,-1.1376634605060225,1.1376634605060225
Scream,wind,spectral_slope_db_per_hz,-0.0030522226312039,-0.0033431715601824,0.0003172847975516887,0.00028141196990444833,0.00029094892897849967,0.00029094892897849967,0.9702008294163438,0.9702008294163438
Scream,wind,spectral_centroid_mean_hz,2920.4520884838735,4172.377108883112,1679.5916764433803,710.617335839821,-1251.9250203992383,1251.9250203992383,-0.970804666350093,0.970804666350093
Scream,wind,spectral_centroid_std_hz,364.1374508493168,962.7325809148415,252.15372954352912,436.9498259054237,-598.5951300655247,598.5951300655247,-1.6780256949053103,1.6780256949053103
Scream,wind,mfcc_1_mean,-219.8958740234375,-395.2626647949219,75.19712045414579,138.8922755868254,175.36679077148438,175.36679077148438,1.5702353704823206,1.5702353704823206
Scream,wind,mfcc_2_mean,169.42352294921875,127.61618041992188,65.36687312681231,27.45657997246217,41.807342529296875,41.807342529296875,0.8339239131411156,0.8339239131411156
Scream,wind,mfcc_3_mean,-101.48976516723633,-42.639784812927246,19.107209709204064,15.637989991893164,-58.84998035430908,58.84998035430908,-3.370756442908886,3.370756442908886
Scream,wind,mfcc_4_mean,-24.319016456604004,28.892030239105225,49.55513831531699,21.44589517470071,-53.21104669570923,53.21104669570923,-1.3936380248162292,1.3936380248162292
Scream,wind,mfcc_5_mean,-41.39676523208618,-44.758849143981934,39.669225453519054,22.553730819780956,3.362083911895752,3.362083911895752,0.10419574795654415,0.10419574795654415
Scream,wind,mfcc_6_mean,-11.716188430786133,37.1836576461792,48.606181453432136,21.689430454989868,-48.89984607696533,48.89984607696533,-1.2992711502600263,1.2992711502600263
Scream,wind,mfcc_7_mean,-4.961105823516845,-19.580387115478516,26.869215422468166,3.674479590005996,14.61928129196167,14.61928129196167,0.7623642349458172,0.7623642349458172
Scream,wind,mfcc_8_mean,27.847543716430664,26.352688431739807,12.042618350668176,34.18925832406641,1.494855284690857,1.494855284690857,0.05832141169964692,0.05832141169964692
Scream,wind,mfcc_9_mean,-25.914862632751465,-5.487664699554443,4.128811827360212,16.382932504750123,-20.42719793319702,20.42719793319702,-1.7098602806640963,1.7098602806640963
Scream,wind,mfcc_10_mean,-11.769207954406738,-14.301835775375366,2.686104297995451,17.20790446508393,2.532627820968628,2.532627820968628,0.20565096012801154,0.20565096012801154
Scream,wind,mfcc_11_mean,7.424710988998413,18.99803066253662,8.618303908809501,1.074973915883697,-11.573319673538208,11.573319673538208,-1.8845114836360928,1.8845114836360928
Scream,wind,mfcc_12_mean,-13.599610805511475,11.866971969604492,0.053237875990232816,11.772090879893483,-25.466582775115967,25.466582775115967,-3.05933914637437,3.05933914637437
Scream,wind,mfcc_13_mean,-13.55201244354248,-2.5092685222625732,2.9719422015476056,9.435115227747238,-11.042743921279907,11.042743921279907,-1.5787125552130539,1.5787125552130539
Scream,wind,mfcc_1_std,48.977046966552734,72.26373100280762,9.338668065488852,11.873076077624736,-23.286684036254883,23.286684036254883,-2.1801342383604654,2.1801342383604654
Scream,wind,mfcc_2_std,17.65632915496826,24.333599090576172,1.8233212197507604,2.406858835899976,-6.67726993560791,6.67726993560791,-3.1273520008361264,3.1273520008361264
Scream,wind,mfcc_3_std,23.341331005096436,23.04701328277588,15.621189920901934,9.047113026229887,0.29431772232055664,0.29431772232055664,0.023057276249325298,0.023057276249325298
Scream,wind,mfcc_4_std,10.961939334869385,12.332546710968018,2.749102709751229,1.7385534549769217,-1.3706073760986328,1.3706073760986328,-0.5959124816930883,0.5959124816930883
Scream,wind,mfcc_5_std,14.889410018920898,21.547466278076172,2.0463245784941457,5.667989109694173,-6.658056259155273,6.658056259155273,-1.5625291766931924,1.5625291766931924
Scream,wind,mfcc_6_std,9.288090944290161,10.090251684188843,2.7535173392516556,4.426194932831262,-0.8021607398986816,0.8021607398986816,-0.21762417207487336,0.21762417207487336
Scream,wind,mfcc_7_std,8.86314082145691,10.822191715240479,1.891055925754801,2.867019476641068,-1.9590508937835693,1.9590508937835693,-0.8066688758406204,0.8066688758406204
Scream,wind,mfcc_8_std,8.068250179290771,10.593533992767334,2.3613881183281187,1.671338335321324,-2.5252838134765625,2.5252838134765625,-1.2344535979356237,1.2344535979356237
Scream,wind,mfcc_9_std,7.9992454051971436,8.209681987762451,2.3675027831100794,1.2473423880008832,-0.21043658256530762,0.21043658256530762,-0.11121194835767828,0.11121194835767828
Scream,wind,mfcc_10_std,8.047422170639038,10.52964735031128,4.815270361699094,2.3543613957443816,-2.482225179672241,2.482225179672241,-0.6549219161296554,0.6549219161296554
Scream,wind,mfcc_11_std,5.913612365722656,7.287963628768921,2.0981604817155124,0.5492951561954487,-1.3743512630462646,1.3743512630462646,-0.896146407881331,0.896146407881331
Scream,wind,mfcc_12_std,9.678184747695923,7.907712697982788,5.7905720384763475,2.112067255850167,1.7704720497131348,1.7704720497131348,0.4062192982277311,0.4062192982277311
Scream,wind,mfcc_13_std,7.5244622230529785,7.5937583446502686,2.8888751464048785,1.2398486783356455,-0.06929612159729004,0.06929612159729004,-0.031173343699164004,0.031173343699164004
cold,fatigue,jitter_local,0.0058241229370957,0.008154275642065367,1.8236030636931973e-05,0.002726610708536527,-0.002330152704969667,0.002330152704969667,-0.9361596695817354,0.9361596695817354
cold,fatigue,shimmer_local,0.036624280626680106,0.07026369454771246,0.001670721776469615,0.02932685120131518,-0.033639413921032355,0.033639413921032355,-1.2561245536960826,1.2561245536960826
cold,fatigue,hnr_db,19.68861281690484,12.69393424784037,0.5487651952994942,3.6850484729836688,6.994678569064471,6.994678569064471,2.0746947610024655,2.0746947610024655
cold,fatigue,cpps_db,8.494096172924998,10.18374704727126,0.3459276449128511,1.0826370175055355,-1.6896508743462615,1.6896508743462615,-1.6924484776335982,1.6924484776335982
cold,fatigue,sample_entropy,0.2172870979940477,0.3930427524685814,0.06197047910643578,0.2276035918067951,-0.1757556544745337,0.1757556544745337,-0.8397014389956713,0.8397014389956713
cold,fatigue,spectral_entropy,6.178877708275933,10.383428669028337,0.6368882563926288,0.9302152027712122,-4.204550960752404,4.204550960752404,-4.734422282581334,4.734422282581334
cold,fatigue,f0_mean_hz,203.1775700911874,199.19295320064518,0.6816920493684626,23.37384680201305,3.9846168905422132,3.9846168905422132,0.18672826596972528,0.18672826596972528
cold,fatigue,f0_std_hz,4.169013654243258,30.889818602722347,1.7982606563817056,23.299241642207377,-26.72080494847909,26.72080494847909,-1.2555667974618263,1.2555667974618263
cold,fatigue,f0_min_hz,192.63380805814995,144.01329047337447,1.5735729915297296,54.19180665077611,48.620517584775484,48.620517584775484,0.9827429939887175,0.9827429939887175
cold,fatigue,f0_max_hz,232.41065433455438,253.5780211603075,0.9492575129377036,30.10541631191664,-21.167366825753106,21.167366825753106,-0.7701399423813206,0.7701399423813206
cold,fatigue,f0_voiced_ratio,0.8822951009312279,0.8496355593599412,0.04629792794858986,0.08177222145660397,0.0326595415712867,0.0326595415712867,0.4241321314505648,0.4241321314505648
cold,fatigue,alpha_ratio_db,16.32585485621317,4.799595031541518,0.0906547765346527,3.8025615005812865,11.526259824671651,11.526259824671651,3.320305913897075,3.320305913897075
cold,fatigue,spectral_flux_mean,0.023503101430833298,0.029227530894180082,0.002815052549404358,0.00564163341643682,-0.005724429463346784,0.005724429463346784,-1.0848396237109132,1.0848396237109132
cold,fatigue,spectral_flux_std,0.0150006512936007,0.011195249609253234,0.0038151805372892995,0.0032371324476195254,0.0038054016843474658,0.0038054016843474658,1.1391960143474726,1.1391960143474726
cold,fatigue,spectral_slope_db_per_hz,-0.0019983942239366996,-0.0024917223582325166,1.777916518111195e-05,0.00016980487863719738,0.000493328134295817,0.000493328134295817,3.179074861760121,3.179074861760121
cold,fatigue,spectral_centroid_mean_hz,2800.221861458488,2300.9205033930284,492.10289648168646,910.2904647007133,499.3013580654597,499.3013580654597,0.5840341964862764,0.5840341964862764
cold,fatigue,spectral_centroid_std_hz,531.4663993738222,410.5343482119693,279.171317213002,200.44502039588517,120.93205116185294,120.93205116185294,0.5609822511840873,0.5609822511840873
cold,fatigue,mfcc_1_mean,-481.78785705566406,-474.8296610514323,37.5386995638951,56.28836838454641,-6.958196004231752,6.958196004231752,-0.1297670525153908,0.1297670525153908
cold,fatigue,mfcc_2_mean,133.83209991455078,182.83150736490884,11.771996470952818,45.073420063275364,-48.99940745035806,48.99940745035806,-1.1828197428466722,1.1828197428466722
cold,fatigue,mfcc_3_mean,-5.751366376876831,-48.678802808125816,2.1958565393889766,25.42164998924612,42.927436431248985,42.927436431248985,1.8484089116153923,1.8484089116153923
cold,fatigue,mfcc_4_mean,29.86565399169922,3.4482768376668296,4.908488063837184,28.456496589421377,26.41737715403239,26.41737715403239,1.0139360303506513,1.0139360303506513
cold,fatigue,mfcc_5_mean,-39.37749099731445,-25.15061941742897,8.62608556574377,22.1483954837196,-14.226871579885483,14.226871579885483,-0.6932152554535129,0.6932152554535129
cold,fatigue,mfcc_6_mean,29.12728500366211,-15.843696594238281,0.5109357920791376,34.264015377730466,44.97098159790039,44.97098159790039,1.4377225256868864,1.4377225256868864
cold,fatigue,mfcc_7_mean,-6.865737438201904,-1.2449811299641924,1.6297741248442448,16.53925478882125,-5.620756308237712,5.620756308237712,-0.37191881323164944,0.37191881323164944
cold,fatigue,mfcc_8_mean,37.19442272186279,30.820935408274334,9.515354397942277,12.212519849122907,6.373487313588459,6.373487313588459,0.5398578824099469,0.5398578824099469
cold,fatigue,mfcc_9_mean,8.70104718208313,-14.693161646525065,6.35257902135747,4.65110114995178,23.394208828608193,23.394208828608193,4.702112585997903,4.702112585997903
cold,fatigue,mfcc_10_mean,-13.62798547744751,-11.17012063662211,1.2490242158438625,4.800268474509689,-2.4578648408253994,2.4578648408253994,-0.5571376384241954,0.5571376384241954
cold,fatigue,mfcc_11_mean,0.1598198413848878,-4.938218871752421,1.7657548624184587,6.5718563903283345,5.098038713137309,5.098038713137309,0.8437093820659399,0.8437093820659399
cold,fatigue,mfcc_12_mean,0.8205314204096792,-0.08513838052749634,1.4997946875662087,6.314159930684381,0.9056698009371755,0.9056698009371755,0.15624580545237435,0.15624580545237435
cold,fatigue,mfcc_13_mean,4.038214206695557,0.7327908277511597,2.7848654908244823,4.766270362959869,3.305423378944397,3.305423378944397,0.7350161670878851,0.7350161670878851
cold,fatigue,mfcc_1_std,75.60947036743164,63.63781134287516,9.472599286113674,23.482070748212884,11.97165902455648,11.97165902455648,0.5496090788146037,0.5496090788146037
cold,fatigue,mfcc_2_std,15.961593627929688,24.212305704752605,8.703204183275059,11.162595284679877,-8.250712076822918,8.250712076822918,-0.7645430996505236,0.7645430996505236
cold,fatigue,mfcc_3_std,12.04234790802002,16.111111640930176,2.3405918517484796,4.5380276535838435,-4.068763732910156,4.068763732910156,-0.957038999627897,0.957038999627897
cold,fatigue,mfcc_4_std,9.28045129776001,7.782267014185588,0.2098299397728204,1.5283225476009374,1.498184283574422,1.498184283574422,1.0718246625240562,1.0718246625240562
cold,fatigue,mfcc_5_std,18.21914577484131,13.630963325500488,1.1066764381588035,8.84284748659059,4.58818244934082,4.58818244934082,0.5674923654696259,0.5674923654696259
cold,fatigue,mfcc_6_std,8.690972328186035,7.767531792322795,0.7714073619739198,4.626612720479647,0.9234405358632403,0.9234405358632403,0.21803811824732133,0.21803811824732133
cold,fatigue,mfcc_7_std,7.651315450668335,6.608863115310669,0.27508775978357214,2.353234417596548,1.042452335357666,1.042452335357666,0.48460621621258615,0.48460621621258615
cold,fatigue,mfcc_8_std,9.049815654754639,7.444841821988423,0.5378591989078968,3.260747888497099,1.6049738327662153,1.6049738327662153,0.5377283275767512,0.5377283275767512
cold,fatigue,mfcc_9_std,5.836207151412964,6.569913148880005,1.5468813890669588,1.5814867409194566,-0.733705997467041,0.733705997467041,-0.46561686386737877,0.46561686386737877
cold,fatigue,mfcc_10_std,7.140035629272461,5.364468415578206,2.0898524949370447,1.6846946648431271,1.7755672136942549,1.7755672136942549,1.0095822993657175,1.0095822993657175
cold,fatigue,mfcc_11_std,4.002268671989441,4.816935261090596,0.35443898017418435,0.9492609452981745,-0.8146665891011553,0.8146665891011553,-0.9272845914299392,0.9272845914299392
cold,fatigue,mfcc_12_std,5.068881392478943,4.343783100446065,1.5909472678842513,0.8190283471811293,0.7250982920328779,0.7250982920328779,0.7321393092526509,0.7321393092526509
cold,fatigue,mfcc_13_std,5.307478666305542,4.49340037504832,0.530482151719338,0.836615531261852,0.8140782912572222,0.8140782912572222,1.0255013055718023,1.0255013055718023
cold,hoarsed,jitter_local,0.0058241229370957,0.021422882518996853,1.8236030636931973e-05,0.015633772857435214,-0.015598759581901152,0.015598759581901152,-1.0327800906753835,1.0327800906753835
cold,hoarsed,shimmer_local,0.036624280626680106,0.09773073114554866,0.001670721776469615,0.047552817319787,-0.06110645051886855,0.06110645051886855,-1.3300662444754836,1.3300662444754836
cold,hoarsed,hnr_db,19.68861281690484,9.877943534344203,0.5487651952994942,5.435515029300863,9.810669282560637,9.810669282560637,1.8675898684727763,1.8675898684727763
cold,hoarsed,cpps_db,8.494096172924998,9.607261926979723,0.3459276449128511,1.7094248306931028,-1.1131657540547248,1.1131657540547248,-0.673065279517155,0.673065279517155
cold,hoarsed,sample_entropy,0.2172870979940477,0.5533005855210145,0.06197047910643578,0.33287509299179313,-0.3360134875269668,0.3360134875269668,-1.0435664719581712,1.0435664719581712
cold,hoarsed,spectral_entropy,6.178877708275933,10.94388267591737,0.6368882563926288,1.6804373043334462,-4.765004967641437,4.765004967641437,-2.920155938342347,2.920155938342347
cold,hoarsed,f0_mean_hz,203.1775700911874,195.94251529449878,0.6816920493684626,38.48454168754062,7.235054796688615,7.235054796688615,0.19459525708304903,0.19459525708304903
cold,hoarsed,f0_std_hz,4.169013654243258,46.04795486027542,1.7982606563817056,47.524433709907015,-41.87894120603216,41.87894120603216,-0.9120909530372358,0.9120909530372358
cold,hoarsed,f0_min_hz,192.63380805814995,122.99092662948638,1.5735729915297296,68.1359130681734,69.64288142866357,69.64288142866357,1.0579715530564102,1.0579715530564102
cold,hoarsed,f0_max_hz,232.41065433455438,270.1575775263667,0.9492575129377036,92.03884214509229,-37.74692319181233,37.74692319181233,-0.42451239233115856,0.42451239233115856
cold,hoarsed,f0_voiced_ratio,0.8822951009312279,0.6154253946319295,0.04629792794858986,0.2722344185895829,0.2668697062992984,0.2668697062992984,1.0136539468906465,1.0136539468906465
cold,hoarsed,alpha_ratio_db,16.32585485621317,6.159425240002512,0.0906547765346527,5.484763146889771,10.166429616210657,10.166429616210657,1.9186155273766299,1.9186155273766299
cold,hoarsed,spectral_flux_mean,0.023503101430833298,0.03945820567508534,0.002815052549404358,0.012651189450475544,-0.01595510424425204,0.01595510424425204,-1.303116658866752,1.303116658866752
cold,hoarsed,spectral_flux_std,0.0150006512936007,0.016473482241060714,0.0038151805372892995,0.006321356950532804,-0.0014728309474600146,0.0014728309474600146,-0.2380929915416484,0.2380929915416484
cold,hoarsed,spectral_slope_db_per_hz,-0.0019983942239366996,-0.0027220285171610003,1.777916518111195e-05,0.00036521401715367837,0.0007236342932243007,0.0007236342932243007,2.0507681265410076,2.0507681265410076
cold,hoarsed,spectral_centroid_mean_hz,2800.221861458488,2569.7392903266136,492.10289648168646,868.52648207712,230.48257113187447,230.48257113187447,0.27158984440791323,0.27158984440791323
cold,hoarsed,spectral_centroid_std_hz,531.4663993738222,535.9254940266876,279.171317213002,214.89535471535692,-4.45909465286536,4.45909465286536,-0.020290187960654953,0.020290187960654953
cold,hoarsed,mfcc_1_mean,-481.78785705566406,-378.10597534179686,37.5386995638951,72.76092554051873,-103.6818817138672,103.6818817138672,-1.4611559156597813,1.4611559156597813
cold,hoarsed,mfcc_2_mean,133.83209991455078,168.80635884602864,11.771996470952818,28.899257825237868,-34.97425893147786,34.97425893147786,-1.245331300142247,1.245331300142247
cold,hoarsed,mfcc_3_mean,-5.751366376876831,-38.75020984013875,2.1958565393889766,27.567176593055205,32.99884346326192,32.99884346326192,1.2387670710219778,1.2387670710219778
cold,hoarsed,mfcc_4_mean,29.86565399169922,17.55293108622233,4.908488063837184,27.230677627816537,12.312722905476889,12.312722905476889,0.4674916761716123,0.4674916761716123
cold,hoarsed,mfcc_5_mean,-39.37749099731445,-33.52089145183563,8.62608556574377,24.367067224134495,-5.856599545478822,5.856599545478822,-0.24767875000005404,0.24767875000005404
cold,hoarsed,mfcc_6_mean,29.12728500366211,3.8317506631215412,0.5109357920791376,23.367789987408095,25.29553434054057,25.29553434054057,1.120470465839708,1.120470465839708
cold,hoarsed,mfcc_7_mean,-6.865737438201904,-13.230841700236002,1.6297741248442448,16.01029011031329,6.365104262034098,6.365104262034098,0.4113649325287861,0.4113649325287861
cold,hoarsed,mfcc_8_mean,37.19442272186279,24.379607804616292,9.515354397942277,14.740530192675404,12.814814917246501,12.814814917246501,0.8867719129259095,0.8867719129259095
cold,hoarsed,mfcc_9_mean,8.70104718208313,-13.305412709712982,6.35257902135747,13.055298786261039,22.006459891796112,22.006459891796112,1.7302277190622704,1.7302277190622704
cold,hoarsed,mfcc_10_mean,-13.62798547744751,-14.021076027552287,1.2490242158438625,8.91015414151385,0.3930905501047768,0.3930905501047768,0.045633567702920146,0.045633567702920146
cold,hoarsed,mfcc_11_mean,0.1598198413848878,6.108600433667501,1.7657548624184587,9.753150263245342,-5.948780592282613,5.948780592282613,-0.6306041892026834,0.6306041892026834
cold,hoarsed,mfcc_12_mean,0.8205314204096792,-2.1198933442433674,1.4997946875662087,10.920523491557804,2.940424764653047,2.940424764653047,0.2785196693984514,0.2785196693984514
cold,hoarsed,mfcc_13_mean,4.038214206695557,1.0677499254544576,2.7848654908244823,11.399753457892512,2.970464281241099,2.970464281241099,0.26914530660239466,0.26914530660239466
cold,hoarsed,mfcc_1_std,75.60947036743164,70.42722307840982,9.472599286113674,32.2838147413101,5.1822472890218165,5.1822472890218165,0.1656470240589817,0.1656470240589817
cold,hoarsed,mfcc_2_std,15.961593627929688,24.75178419748942,8.703204183275059,10.546030275610017,-8.790190569559734,8.790190569559734,-0.8425124297917789,0.8425124297917789
cold,hoarsed,mfcc_3_std,12.04234790802002,17.22284984588623,2.3405918517484796,6.147885984902506,-5.180501937866211,5.180501937866211,-0.8677428652641601,0.8677428652641601
cold,hoarsed,mfcc_4_std,9.28045129776001,10.662322044372559,0.2098299397728204,3.4457024441531066,-1.3818707466125488,1.3818707466125488,-0.41506274436867097,0.41506274436867097
cold,hoarsed,mfcc_5_std,18.21914577484131,17.030919488271078,1.1066764381588035,8.174484478151332,1.1882262865702309,1.1882262865702309,0.15036137882270437,0.15036137882270437
cold,hoarsed,mfcc_6_std,8.690972328186035,7.710032653808594,0.7714073619739198,1.9038588117822421,0.9809396743774412,0.9809396743774412,0.5302218260471923,0.5302218260471923
cold,hoarsed,mfcc_7_std,7.651315450668335,10.776522827148437,0.27508775978357214,5.10973847574292,-3.125207376480102,3.125207376480102,-0.6330191229711735,0.6330191229711735
cold,hoarsed,mfcc_8_std,9.049815654754639,8.077933820088704,0.5378591989078968,2.7726412656837276,0.9718818346659344,0.9718818346659344,0.3623418482046498,0.3623418482046498
cold,hoarsed,mfcc_9_std,5.836207151412964,8.13822374343872,1.5468813890669588,2.367006328476866,-2.3020165920257565,2.3020165920257565,-0.9916658365761943,0.9916658365761943
cold,hoarsed,mfcc_10_std,7.140035629272461,7.9001728057861325,2.0898524949370447,2.308072078712189,-0.7601371765136715,0.7601371765136715,-0.33133428977121415,0.33133428977121415
cold,hoarsed,mfcc_11_std,4.002268671989441,6.98631919225057,0.35443898017418435,2.126371816779144,-2.984050520261129,2.984050520261129,-1.4511691889572012,1.4511691889572012
cold,hoarsed,mfcc_12_std,5.068881392478943,7.736848672231038,1.5909472678842513,2.6982960864955983,-2.6679672797520952,2.6679672797520952,-1.0109885982992506,1.0109885982992506
cold,hoarsed,mfcc_13_std,5.307478666305542,6.767851463953654,0.530482151719338,2.145713999701152,-1.4603727976481116,1.4603727976481116,-0.7029550263501784,0.7029550263501784
cold,normal,jitter_local,0.0058241229370957,0.004884150535626957,1.8236030636931973e-05,0.0017581151643062333,0.0009399724014687427,0.0009399724014687427,0.5548279451487903,0.5548279451487903
cold,normal,shimmer_local,0.036624280626680106,0.04459556121545696,0.001670721776469615,0.03804134004674267,-0.007971280588776851,0.007971280588776851,-0.21743648306540514,0.21743648306540514
cold,normal,hnr_db,19.68861281690484,19.98296848164554,0.5487651952994942,4.473971898176597,-0.2943556647406993,0.2943556647406993,-0.06823706365156065,0.06823706365156065
cold,normal,cpps_db,8.494096172924998,11.19677956864898,0.3459276449128511,2.2810384991093824,-2.702683395723982,2.702683395723982,-1.2284884442209385,1.2284884442209385
cold,normal,sample_entropy,0.2172870979940477,0.5076392244026463,0.06197047910643578,0.47174253595965254,-0.29035212640859864,0.29035212640859864,-0.6382991345439711,0.6382991345439711
cold,normal,spectral_entropy,6.178877708275933,7.869632554546853,0.6368882563926288,1.8725188978173959,-1.69075484627092,1.69075484627092,-0.9328739670531436,0.9328739670531436
cold,normal,f0_mean_hz,203.1775700911874,206.57606151216268,0.6816920493684626,52.8800833524677,-3.39849142097529,3.39849142097529,-0.0666935158804595,0.0666935158804595
cold,normal,f0_std_hz,4.169013654243258,7.483609639312459,1.7982606563817056,9.765646644246479,-3.314595985069201,3.314595985069201,-0.35176796379212577,0.35176796379212577
cold,normal,f0_min_hz,192.63380805814995,176.47383542778633,1.5735729915297296,69.27402975335285,16.159972630363626,16.159972630363626,0.24207720266753865,0.24207720266753865
cold,normal,f0_max_hz,232.41065433455438,233.21476647558325,0.9492575129377036,62.33404814306496,-0.8041121410288667,0.8041121410288667,-0.013386891866505744,0.013386891866505744
cold,normal,f0_voiced_ratio,0.8822951009312279,0.8637738812452583,0.04629792794858986,0.05550110549796784,0.018521219685969537,0.018521219685969537,0.3373940075449896,0.3373940075449896
cold,normal,alpha_ratio_db,16.32585485621317,9.78309073348546,0.0906547765346527,6.932600379962883,6.542764122727709,6.542764122727709,0.9793875576920361,0.9793875576920361
cold,normal,spectral_flux_mean,0.023503101430833298,0.026675455937428094,0.002815052549404358,0.006003671012775371,-0.003172354506594796,0.003172354506594796,-0.543770289899949,0.543770289899949
cold,normal,spectral_flux_std,0.0150006512936007,0.022576890692235015,0.0038151805372892995,0.009016213213448773,-0.007576239398634315,0.007576239398634315,-0.8660668786309472,0.8660668786309472
cold,normal,spectral_slope_db_per_hz,-0.0019983942239366996,-0.0021887537780039285,1.777916518111195e-05,0.0002700405439660568,0.00019035955406722892,0.00019035955406722892,0.7314180137355146,0.7314180137355146
cold,normal,spectral_centroid_mean_hz,2800.221861458488,2001.6733675164967,492.10289648168646,553.8426221880123,798.5484939419914,798.5484939419914,1.4527973926061444,1.4527973926061444
cold,normal,spectral_centroid_std_hz,531.4663993738222,539.7155123572439,279.171317213002,291.5251178538768,-8.249112983421696,8.249112983421696,-0.02838061536607178,0.02838061536607178
cold,normal,mfcc_1_mean,-481.78785705566406,-410.35034833635603,37.5386995638951,47.208795437403566,-71.43750871930803,71.43750871930803,-1.5334975169104255,1.5334975169104255
cold,normal,mfcc_2_mean,133.83209991455078,162.5415758405413,11.771996470952818,25.647889501586114,-28.709475925990517,28.709475925990517,-1.1523257643814449,1.1523257643814449
cold,normal,mfcc_3_mean,-5.751366376876831,-30.98635114942278,2.1958565393889766,23.59026590054216,25.23498477254595,25.23498477254595,1.1097313947231449,1.1097313947231449
cold,normal,mfcc_4_mean,29.86565399169922,11.897525719233922,4.908488063837184,23.429990982971997,17.968128272465297,17.968128272465297,0.7944950504203635,0.7944950504203635
cold,normal,mfcc_5_mean,-39.37749099731445,-9.962712798799787,8.62608556574377,23.612284353254488,-29.414778198514668,29.414778198514668,-1.2861807678134853,1.2861807678134853
cold,normal,mfcc_6_mean,29.12728500366211,5.329466887882778,0.5109357920791376,19.329737893596697,23.797818115779332,23.797818115779332,1.277591010235025,1.277591010235025
cold,normal,mfcc_7_mean,-6.865737438201904,-10.925965262310845,1.6297741248442448,8.857166451552075,4.0602278241089405,4.0602278241089405,0.4750979065762258,0.4750979065762258
cold,normal,mfcc_8_mean,37.19442272186279,21.519759723118373,9.515354397942277,10.576728500867592,15.67466299874442,15.67466299874442,1.4921893543653466,1.4921893543653466
cold,normal,mfcc_9_mean,8.70104718208313,-2.766611940094403,6.35257902135747,11.92559989023834,11.467659122177533,11.467659122177533,0.9871841432901559,0.9871841432901559
cold,normal,mfcc_10_mean,-13.62798547744751,-14.120933737073626,1.2490242158438625,9.030311592532446,0.4929482596261163,0.4929482596261163,0.056607193284292284,0.056607193284292284
cold,normal,mfcc_11_mean,0.1598198413848878,2.7103565505572726,1.7657548624184587,10.691816991433033,-2.550536709172385,2.550536709172385,-0.24729611675209695,0.24729611675209695
cold,normal,mfcc_12_mean,0.8205314204096792,5.28680516566549,1.4997946875662087,11.836131611022568,-4.466273745255811,4.466273745255811,-0.3913450654186081,0.3913450654186081
cold,normal,mfcc_13_mean,4.038214206695557,-0.6928167045116425,2.7848654908244823,9.361581986673105,4.731030911207199,4.731030911207199,0.5226677843113711,0.5226677843113711
cold,normal,mfcc_1_std,75.60947036743164,81.5099310193743,9.472599286113674,19.39347463011593,-5.900460651942666,5.900460651942666,-0.31287702292754166,0.31287702292754166
cold,normal,mfcc_2_std,15.961593627929688,28.86640875680106,8.703204183275059,14.342232402896624,-12.904815128871373,12.904815128871373,-0.9207930169863413,0.9207930169863413
cold,normal,mfcc_3_std,12.04234790802002,20.990635531289236,2.3405918517484796,7.212130064420314,-8.948287623269216,8.948287623269216,-1.2823794026342146,1.2823794026342146
cold,normal,mfcc_4_std,9.28045129776001,9.253325871058873,0.2098299397728204,2.7381400459188274,0.02712542670113649,0.02712542670113649,0.010278155722503015,0.010278155722503015
cold,normal,mfcc_5_std,18.21914577484131,14.59949357169015,1.1066764381588035,8.283487238141323,3.6196522031511584,3.6196522031511584,0.4531563164023032,0.4531563164023032
cold,normal,mfcc_6_std,8.690972328186035,7.616523095539638,0.7714073619739198,3.1458581295792505,1.0744492326463968,1.0744492326463968,0.35362017864214496,0.35362017864214496
cold,normal,mfcc_7_std,7.651315450668335,10.473699637821742,0.27508775978357214,3.170522566300928,-2.822384187153407,2.822384187153407,-0.9235319281774669,0.9235319281774669
cold,normal,mfcc_8_std,9.049815654754639,7.561280693326678,0.5378591989078968,2.0010530085818057,1.4885349614279608,1.4885349614279608,0.7698202672829072,0.7698202672829072
cold,normal,mfcc_9_std,5.836207151412964,7.553131341934204,1.5468813890669588,1.988243093952798,-1.7169241905212402,1.7169241905212402,-0.8759745647389278,0.8759745647389278
cold,normal,mfcc_10_std,7.140035629272461,8.172369888850621,2.0898524949370447,2.2948822721900077,-1.0323342595781604,1.0323342595781604,-0.4526097286376151,0.4526097286376151
cold,normal,mfcc_11_std,4.002268671989441,6.338567563465664,0.35443898017418435,1.8040025411670773,-2.336298891476223,2.336298891476223,-1.341960593677857,1.341960593677857
cold,normal,mfcc_12_std,5.068881392478943,6.893695729119437,1.5909472678842513,2.143741620644702,-1.824814336640494,1.824814336640494,-0.8652235828147855,0.8652235828147855
cold,normal,mfcc_13_std,5.307478666305542,6.2160661561148505,0.530482151719338,2.6453526805312944,-0.9085874898093085,0.9085874898093085,-0.3558810269107452,0.3558810269107452
cold,wind,jitter_local,0.0058241229370957,0.06878459697659806,1.8236030636931973e-05,0.01594640411307099,-0.06296047403950236,0.06296047403950236,-5.583672496111323,5.583672496111323
cold,wind,shimmer_local,0.036624280626680106,0.2070270886003594,0.001670721776469615,0.001426741344011286,-0.1704028079736793,0.1704028079736793,-109.68759109183969,109.68759109183969
cold,wind,hnr_db,19.68861281690484,2.435224632072282,0.5487651952994942,2.440659623724155,17.25338818483256,17.25338818483256,9.753778939633978,9.753778939633978
cold,wind,cpps_db,8.494096172924998,4.458027037047914,0.3459276449128511,1.1441640875492203,4.036069135877084,4.036069135877084,4.775197180803529,4.775197180803529
cold,wind,sample_entropy,0.2172870979940477,1.1210111440059343,0.06197047910643578,0.5227269619227829,-0.9037240460118866,0.9037240460118866,-2.4279808385696353,2.4279808385696353
cold,wind,spectral_entropy,6.178877708275933,13.124600465204914,0.6368882563926288,0.9531174415075295,-6.945722756928981,6.945722756928981,-8.568897057250009,8.568897057250009
cold,wind,f0_mean_hz,203.1775700911874,549.8638546096671,0.6816920493684626,35.70935322618015,-346.68628451847974,346.68628451847974,-13.727471600702534,13.727471600702534
cold,wind,f0_std_hz,4.169013654243258,9.723436273497192,1.7982606563817056,3.174045634321595,-5.554422619253934,5.554422619253934,-2.1532403622879044,2.1532403622879044
cold,wind,f0_min_hz,192.63380805814995,519.1027539226171,1.5735729915297296,27.55001882281726,-326.4689458644672,326.4689458644672,-16.731224187665646,16.731224187665646
cold,wind,f0_max_hz,232.41065433455438,572.319438392597,0.9492575129377036,11.68712076782662,-339.90878405804267,339.90878405804267,-40.996050239848245,40.996050239848245
cold,wind,f0_voiced_ratio,0.8822951009312279,0.1397014170040485,0.04629792794858986,0.14918664831815368,0.7425936839271794,0.7425936839271794,6.723106078508449,6.723106078508449
cold,wind,alpha_ratio_db,16.32585485621317,-3.5541096613761542,0.0906547765346527,0.44446467512904086,19.879964517589322,19.879964517589322,61.978719080310846,61.978719080310846
cold,wind,spectral_flux_mean,0.023503101430833298,0.04506562091410155,0.002815052549404358,4.340335143208581e-05,-0.021562519483268254,0.021562519483268254,-10.831195162568944,10.831195162568944
cold,wind,spectral_flux_std,0.0150006512936007,0.016651589849649102,0.0038151805372892995,0.008434484846081497,-0.0016509385560484029,0.0016509385560484029,-0.2522117322441777,0.2522117322441777
cold,wind,spectral_slope_db_per_hz,-0.0019983942239366996,-0.0033431715601824,1.777916518111195e-05,0.00028141196990444833,0.0013447773362457002,0.0013447773362457002,6.744624750301156,6.744624750301156
cold,wind,spectral_centroid_mean_hz,2800.221861458488,4172.377108883112,492.10289648168646,710.617335839821,-1372.1552474246237,1372.1552474246237,-2.245001306702638,2.245001306702638
cold,wind,spectral_centroid_std_hz,531.4663993738222,962.7325809148415,279.171317213002,436.9498259054237,-431.26618154101925,431.26618154101925,-1.1762398013494233,1.1762398013494233
cold,wind,mfcc_1_mean,-481.78785705566406,-395.2626647949219,37.5386995638951,138.8922755868254,-86.52519226074219,86.52519226074219,-0.8504917580651866,0.8504917580651866
cold,wind,mfcc_2_mean,133.83209991455078,127.61618041992188,11.771996470952818,27.45657997246217,6.215919494628906,6.215919494628906,0.29425914488682725,0.29425914488682725
cold,wind,mfcc_3_mean,-5.751366376876831,-42.639784812927246,2.1958565393889766,15.637989991893164,36.888418436050415,36.888418436050415,3.3035753901618023,3.3035753901618023
cold,wind,mfcc_4_mean,29.86565399169922,28.892030239105225,4.908488063837184,21.44589517470071,0.9736237525939941,0.9736237525939941,0.06258563319247794,0.06258563319247794
cold,wind,mfcc_5_mean,-39.37749099731445,-44.758849143981934,8.62608556574377,22.553730819780956,5.3813581466674805,5.3813581466674805,0.3151684784226119,0.3151684784226119
cold,wind,mfcc_6_mean,29.12728500366211,37.1836576461792,0.5109357920791376,21.689430454989868,-8.05637264251709,8.05637264251709,-0.5251530937288043,0.5251530937288043
cold,wind,mfcc_7_mean,-6.865737438201904,-19.580387115478516,1.6297741248442448,3.674479590005996,12.714649677276611,12.714649677276611,4.473279957063266,4.473279957063266
cold,wind,mfcc_8_mean,37.19442272186279,26.352688431739807,9.515354397942277,34.18925832406641,10.841734290122986,10.841734290122986,0.4320397916992175,0.4320397916992175
cold,wind,mfcc_9_mean,8.70104718208313,-5.487664699554443,6.35257902135747,16.382932504750123,14.188711881637573,14.188711881637573,1.1419588361404474,1.1419588361404474
cold,wind,mfcc_10_mean,-13.62798547744751,-14.301835775375366,1.2490242158438625,17.20790446508393,0.6738502979278564,0.6738502979278564,0.055234369694899414,0.055234369694899414
cold,wind,mfcc_11_mean,0.1598198413848878,18.99803066253662,1.7657548624184587,1.074973915883697,-18.838210821151733,18.838210821151733,-12.887387051155137,12.887387051155137
cold,wind,mfcc_12_mean,0.8205314204096792,11.866971969604492,1.4997946875662087,11.772090879893483,-11.046440549194813,11.046440549194813,-1.3163986944190122,1.3163986944190122
cold,wind,mfcc_13_mean,4.038214206695557,-2.5092685222625732,2.7848654908244823,9.435115227747238,6.54748272895813,6.54748272895813,0.9412469064349558,0.9412469064349558
cold,wind,mfcc_1_std,75.60947036743164,72.26373100280762,9.472599286113674,11.873076077624736,3.3457393646240234,3.3457393646240234,0.31151806616079003,0.31151806616079003
cold,wind,mfcc_2_std,15.961593627929688,24.333599090576172,8.703204183275059,2.406858835899976,-8.372005462646484,8.372005462646484,-1.311180623830119,1.311180623830119
cold,wind,mfcc_3_std,12.04234790802002,23.04701328277588,2.3405918517484796,9.047113026229887,-11.00466537475586,11.00466537475586,-1.6653807088973231,1.6653807088973231
cold,wind,mfcc_4_std,9.28045129776001,12.332546710968018,0.2098299397728204,1.7385534549769217,-3.052095413208008,3.052095413208008,-2.4648175107615566,2.4648175107615566
cold,wind,mfcc_5_std,18.21914577484131,21.547466278076172,1.1066764381588035,5.667989109694173,-3.3283205032348633,3.3283205032348633,-0.8150547701073357,0.8150547701073357
cold,wind,mfcc_6_std,8.690972328186035,10.090251684188843,0.7714073619739198,4.426194932831262,-1.3992793560028076,1.3992793560028076,-0.440444687584401,0.440444687584401
cold,wind,mfcc_7_std,7.651315450668335,10.822191715240479,0.27508775978357214,2.867019476641068,-3.1708762645721436,3.1708762645721436,-1.5569465048153996,1.5569465048153996
cold,wind,mfcc_8_std,9.049815654754639,10.593533992767334,0.5378591989078968,1.671338335321324,-1.5437183380126953,1.5437183380126953,-1.243425991205346,1.243425991205346
cold,wind,mfcc_9_std,5.836207151412964,8.209681987762451,1.5468813890669588,1.2473423880008832,-2.3734748363494873,2.3734748363494873,-1.6891658050443423,1.6891658050443423
cold,wind,mfcc_10_std,7.140035629272461,10.52964735031128,2.0898524949370447,2.3543613957443816,-3.3896117210388184,3.3896117210388184,-1.5227098077709695,1.5227098077709695
cold,wind,mfcc_11_std,4.002268671989441,7.287963628768921,0.35443898017418435,0.5492951561954487,-3.28569495677948,3.28569495677948,-7.108030581868208,7.108030581868208
cold,wind,mfcc_12_std,5.068881392478943,7.907712697982788,1.5909472678842513,2.112067255850167,-2.838831305503845,2.838831305503845,-1.518293374196373,1.518293374196373
cold,wind,mfcc_13_std,5.307478666305542,7.5937583446502686,0.530482151719338,1.2398486783356455,-2.2862796783447266,2.2862796783447266,-2.3975708795934323,2.3975708795934323
fatigue,hoarsed,jitter_local,0.008154275642065367,0.021422882518996853,0.002726610708536527,0.015633772857435214,-0.013268606876931486,0.013268606876931486,-0.9833952429280266,0.9833952429280266
fatigue,hoarsed,shimmer_local,0.07026369454771246,0.09773073114554866,0.02932685120131518,0.047552817319787,-0.027467036597836197,0.027467036597836197,-0.6313790914852125,0.6313790914852125
fatigue,hoarsed,hnr_db,12.69393424784037,9.877943534344203,3.6850484729836688,5.435515029300863,2.8159907134961664,2.8159907134961664,0.5593690066091525,0.5593690066091525
fatigue,hoarsed,cpps_db,10.18374704727126,9.607261926979723,1.0826370175055355,1.7094248306931028,0.5764851202915366,0.5764851202915366,0.36743409504484237,0.36743409504484237
fatigue,hoarsed,sample_entropy,0.3930427524685814,0.5533005855210145,0.2276035918067951,0.33287509299179313,-0.16025783305243307,0.16025783305243307,-0.5191835976351048,0.5191835976351048
fatigue,hoarsed,spectral_entropy,10.383428669028337,10.94388267591737,0.9302152027712122,1.6804373043334462,-0.5604540068890334,0.5604540068890334,-0.36887491544285067,0.36887491544285067
fatigue,hoarsed,f0_mean_hz,199.19295320064518,195.94251529449878,23.37384680201305,38.48454168754062,3.250437906146402,3.250437906146402,0.09248989854132918,0.09248989854132918
fatigue,hoarsed,f0_std_hz,30.889818602722347,46.04795486027542,23.299241642207377,47.524433709907015,-15.158136257553071,15.158136257553071,-0.35658136600577983,0.35658136600577983
fatigue,hoarsed,f0_min_hz,144.01329047337447,122.99092662948638,54.19180665077611,68.1359130681734,21.022363843888087,21.022363843888087,0.32462873962484445,0.32462873962484445
fatigue,hoarsed,f0_max_hz,253.5780211603075,270.1575775263667,30.10541631191664,92.03884214509229,-16.579556366059222,16.579556366059222,-0.20595470537534016,0.20595470537534016
fatigue,hoarsed,f0_voiced_ratio,0.8496355593599412,0.6154253946319295,0.08177222145660397,0.2722344185895829,0.2342101647280117,0.2342101647280117,0.9864809439014668,0.9864809439014668
fatigue,hoarsed,alpha_ratio_db,4.799595031541518,6.159425240002512,3.8025615005812865,5.484763146889771,-1.359830208460994,1.359830208460994,-0.2668321064390845,0.2668321064390845
fatigue,hoarsed,spectral_flux_mean,0.029227530894180082,0.03945820567508534,0.00564163341643682,0.012651189450475544,-0.010230674780905256,0.010230674780905256,-0.9103043890912434,0.9103043890912434
fatigue,hoarsed,spectral_flux_std,0.011195249609253234,0.016473482241060714,0.0032371324476195254,0.006321356950532804,-0.00527823263180748,0.00527823263180748,-0.9301443231016837,0.9301443231016837
fatigue,hoarsed,spectral_slope_db_per_hz,-0.0024917223582325166,-0.0027220285171610003,0.00016980487863719738,0.00036521401715367837,0.00023030615892848365,0.00023030615892848365,0.7078180696400932,0.7078180696400932
fatigue,hoarsed,spectral_centroid_mean_hz,2300.9205033930284,2569.7392903266136,910.2904647007133,868.52648207712,-268.8187869335852,268.8187869335852,-0.30557685379915017,0.30557685379915017
fatigue,hoarsed,spectral_centroid_std_hz,410.5343482119693,535.9254940266876,200.44502039588517,214.89535471535692,-125.3911458147183,125.3911458147183,-0.5937403532831953,0.5937403532831953
fatigue,hoarsed,mfcc_1_mean,-474.8296610514323,-378.10597534179686,56.28836838454641,72.76092554051873,-96.72368570963545,96.72368570963545,-1.4056747122364317,1.4056747122364317
fatigue,hoarsed,mfcc_2_mean,182.83150736490884,168.80635884602864,45.073420063275364,28.899257825237868,14.0251485188802,14.0251485188802,0.41357522972633354,0.41357522972633354
fatigue,hoarsed,mfcc_3_mean,-48.678802808125816,-38.75020984013875,25.42164998924612,27.567176593055205,-9.928592967987065,9.928592967987065,-0.36746588886526604,0.36746588886526604
fatigue,hoarsed,mfcc_4_mean,3.4482768376668296,17.55293108622233,28.456496589421377,27.230677627816537,-14.1046542485555,14.1046542485555,-0.511806863867426,0.511806863867426
fatigue,hoarsed,mfcc_5_mean,-25.15061941742897,-33.52089145183563,22.1483954837196,24.367067224134495,8.37027203440666,8.37027203440666,0.3516438693276284,0.3516438693276284
fatigue,hoarsed,mfcc_6_mean,-15.843696594238281,3.8317506631215412,34.264015377730466,23.367789987408095,-19.67544725735982,19.67544725735982,-0.7377268151322603,0.7377268151322603
fatigue,hoarsed,mfcc_7_mean,-1.2449811299641924,-13.230841700236002,16.53925478882125,16.01029011031329,11.98586057027181,11.98586057027181,0.7421047388147943,0.7421047388147943
fatigue,hoarsed,mfcc_8_mean,30.820935408274334,24.379607804616292,12.212519849122907,14.740530192675404,6.441327603658042,6.441327603658042,0.4562099761086269,0.4562099761086269
fatigue,hoarsed,mfcc_9_mean,-14.693161646525065,-13.305412709712982,4.65110114995178,13.055298786261039,-1.3877489368120823,1.3877489368120823,-0.12111844574897218,0.12111844574897218
fatigue,hoarsed,mfcc_10_mean,-11.17012063662211,-14.021076027552287,4.800268474509689,8.91015414151385,2.850955390930176,2.850955390930176,0.3548139942918116,0.3548139942918116
fatigue,hoarsed,mfcc_11_mean,-4.938218871752421,6.108600433667501,6.5718563903283345,9.753150263245342,-11.046819305419923,11.046819305419923,-1.223976938081149,1.223976938081149
fatigue,hoarsed,mfcc_12_mean,-0.08513838052749634,-2.1198933442433674,6.314159930684381,10.920523491557804,2.034754963715871,2.034754963715871,0.20515861415297545,0.20515861415297545
fatigue,hoarsed,mfcc_13_mean,0.7327908277511597,1.0677499254544576,4.766270362959869,11.399753457892512,-0.3349590977032979,0.3349590977032979,-0.03320920632257599,0.03320920632257599
fatigue,hoarsed,mfcc_1_std,63.63781134287516,70.42722307840982,23.482070748212884,32.2838147413101,-6.789411735534664,6.789411735534664,-0.22468725224773434,0.22468725224773434
fatigue,hoarsed,mfcc_2_std,24.212305704752605,24.75178419748942,11.162595284679877,10.546030275610017,-0.5394784927368157,0.5394784927368157,-0.050363360124422385,0.050363360124422385
fatigue,hoarsed,mfcc_3_std,16.111111640930176,17.22284984588623,4.5380276535838435,6.147885984902506,-1.1117382049560547,1.1117382049560547,-0.1927434975966565,0.1927434975966565
fatigue,hoarsed,mfcc_4_std,7.782267014185588,10.662322044372559,1.5283225476009374,3.4457024441531066,-2.8800550301869707,2.8800550301869707,-0.9412194158321142,0.9412194158321142
fatigue,hoarsed,mfcc_5_std,13.630963325500488,17.030919488271078,8.84284748659059,8.174484478151332,-3.3999561627705894,3.3999561627705894,-0.40690970160050105,0.40690970160050105
fatigue,hoarsed,mfcc_6_std,7.767531792322795,7.710032653808594,4.626612720479647,1.9038588117822421,0.057499138514200965,0.057499138514200965,0.01995361042827264,0.01995361042827264
fatigue,hoarsed,mfcc_7_std,6.608863115310669,10.776522827148437,2.353234417596548,5.10973847574292,-4.167659711837768,4.167659711837768,-0.9161170223021722,0.9161170223021722
fatigue,hoarsed,mfcc_8_std,7.444841821988423,8.077933820088704,3.260747888497099,2.7726412656837276,-0.6330919981002809,0.6330919981002809,-0.21762906274269395,0.21762906274269395
fatigue,hoarsed,mfcc_9_std,6.569913148880005,8.13822374343872,1.5814867409194566,2.367006328476866,-1.5683105945587155,1.5683105945587155,-0.7168410787750993,0.7168410787750993
fatigue,hoarsed,mfcc_10_std,5.364468415578206,7.9001728057861325,1.6846946648431271,2.308072078712189,-2.5357043902079264,2.5357043902079264,-1.1731081982441136,1.1731081982441136
fatigue,hoarsed,mfcc_11_std,4.816935261090596,6.98631919225057,0.9492609452981745,2.126371816779144,-2.169383931159974,2.169383931159974,-1.1483639154527077,1.1483639154527077
fatigue,hoarsed,mfcc_12_std,4.343783100446065,7.736848672231038,0.8190283471811293,2.6982960864955983,-3.393065571784973,3.393065571784973,-1.4414024703530044,1.4414024703530044
fatigue,hoarsed,mfcc_13_std,4.49340037504832,6.767851463953654,0.836615531261852,2.145713999701152,-2.2744510889053338,2.2744510889053338,-1.2026429949070758,1.2026429949070758
fatigue,normal,jitter_local,0.008154275642065367,0.004884150535626957,0.002726610708536527,0.0017581151643062333,0.0032701251064384098,0.0032701251064384098,1.5774568033578633,1.5774568033578633
fatigue,normal,shimmer_local,0.07026369454771246,0.04459556121545696,0.02932685120131518,0.03804134004674267,0.025668133332255504,0.025668133332255504,0.7163093512509926,0.7163093512509926
fatigue,normal,hnr_db,12.69393424784037,19.98296848164554,3.6850484729836688,4.473971898176597,-7.28903423380517,7.28903423380517,-1.7072438717637204,1.7072438717637204
fatigue,normal,cpps_db,10.18374704727126,11.19677956864898,1.0826370175055355,2.2810384991093824,-1.0130325213777205,1.0130325213777205,-0.5013166827460934,0.5013166827460934
fatigue,normal,sample_entropy,0.3930427524685814,0.5076392244026463,0.2276035918067951,0.47174253595965254,-0.11459647193406491,0.11459647193406491,-0.2738488581685513,0.2738488581685513
fatigue,normal,spectral_entropy,10.383428669028337,7.869632554546853,0.9302152027712122,1.8725188978173959,2.513796114481484,2.513796114481484,1.5096558147015424,1.5096558147015424
fatigue,normal,f0_mean_hz,199.19295320064518,206.57606151216268,23.37384680201305,52.8800833524677,-7.383108311517503,7.383108311517503,-0.15844482942611468,0.15844482942611468
fatigue,normal,f0_std_hz,30.889818602722347,7.483609639312459,23.299241642207377,9.765646644246479,23.406208963409888,23.406208963409888,1.5792320703715546,1.5792320703715546
fatigue,normal,f0_min_hz,144.01329047337447,176.47383542778633,54.19180665077611,69.27402975335285,-32.46054495441186,32.46054495441186,-0.49607943624309203,0.49607943624309203
fatigue,normal,f0_max_hz,253.5780211603075,233.21476647558325,30.10541631191664,62.33404814306496,20.36325468472424,20.36325468472424,0.3682391543880906,0.3682391543880906
fatigue,normal,f0_voiced_ratio,0.8496355593599412,0.8637738812452583,0.08177222145660397,0.05550110549796784,-0.014138321885317162,0.014138321885317162,-0.2212862809994561,0.2212862809994561
fatigue,normal,alpha_ratio_db,4.799595031541518,9.78309073348546,3.8025615005812865,6.932600379962883,-4.9834957019439425,4.9834957019439425,-0.8008035864850239,0.8008035864850239
fatigue,normal,spectral_flux_mean,0.029227530894180082,0.026675455937428094,0.00564163341643682,0.006003671012775371,0.002552074956751988,0.002552074956751988,0.4321645307394528,0.4321645307394528
fatigue,normal,spectral_flux_std,0.011195249609253234,0.022576890692235015,0.0032371324476195254,0.009016213213448773,-0.01138164108298178,0.01138164108298178,-1.4498987916732535,1.4498987916732535
fatigue,normal,spectral_slope_db_per_hz,-0.0024917223582325166,-0.0021887537780039285,0.00016980487863719738,0.0002700405439660568,-0.0003029685802285881,0.0003029685802285881,-1.2299630877686136,1.2299630877686136
fatigue,normal,spectral_centroid_mean_hz,2300.9205033930284,2001.6733675164967,910.2904647007133,553.8426221880123,299.24713587653173,299.24713587653173,0.4452459867230708,0.4452459867230708
fatigue,normal,spectral_centroid_std_hz,410.5343482119693,539.7155123572439,200.44502039588517,291.5251178538768,-129.18116414527464,129.18116414527464,-0.4796343837727,0.4796343837727
fatigue,normal,mfcc_1_mean,-474.8296610514323,-410.35034833635603,56.28836838454641,47.208795437403566,-64.47931271507628,64.47931271507628,-1.292250796158796,1.292250796158796
fatigue,normal,mfcc_2_mean,182.83150736490884,162.5415758405413,45.073420063275364,25.647889501586114,20.289931524367546,20.289931524367546,0.6293380499683543,0.6293380499683543
fatigue,normal,mfcc_3_mean,-48.678802808125816,-30.98635114942278,25.42164998924612,23.59026590054216,-17.692451658703035,17.692451658703035,-0.7337326596623082,0.7337326596623082
fatigue,normal,mfcc_4_mean,3.4482768376668296,11.897525719233922,28.456496589421377,23.429990982971997,-8.449248881567092,8.449248881567092,-0.3389445157809705,0.3389445157809705
fatigue,normal,mfcc_5_mean,-25.15061941742897,-9.962712798799787,22.1483954837196,23.612284353254488,-15.187906618629183,15.187906618629183,-0.6542306940382507,0.6542306940382507
fatigue,normal,mfcc_6_mean,-15.843696594238281,5.329466887882778,34.264015377730466,19.329737893596697,-21.17316348212106,21.17316348212106,-0.8673101067934691,0.8673101067934691
fatigue,normal,mfcc_7_mean,-1.2449811299641924,-10.925965262310845,16.53925478882125,8.857166451552075,9.680984132346651,9.680984132346651,0.8405761732711892,0.8405761732711892
fatigue,normal,mfcc_8_mean,30.820935408274334,21.519759723118373,12.212519849122907,10.576728500867592,9.301175685155961,9.301175685155961,0.8413226862441827,0.8413226862441827
fatigue,normal,mfcc_9_mean,-14.693161646525065,-2.766611940094403,4.65110114995178,11.92559989023834,-11.926549706430661,11.926549706430661,-1.143807996679442,1.143807996679442
fatigue,normal,mfcc_10_mean,-11.17012063662211,-14.120933737073626,4.800268474509689,9.030311592532446,2.9508131004515157,2.9508131004515157,0.36517438708176175,0.36517438708176175
fatigue,normal,mfcc_11_mean,-4.938218871752421,2.7103565505572726,6.5718563903283345,10.691816991433033,-7.648575422309694,7.648575422309694,-0.786559929391359,0.786559929391359
fatigue,normal,mfcc_12_mean,-0.08513838052749634,5.28680516566549,6.314159930684381,11.836131611022568,-5.371943546192987,5.371943546192987,-0.507027196483545,0.507027196483545
fatigue,normal,mfcc_13_mean,0.7327908277511597,-0.6928167045116425,4.766270362959869,9.361581986673105,1.4256075322628021,1.4256075322628021,0.17087504323772543,0.17087504323772543
fatigue,normal,mfcc_1_std,63.63781134287516,81.5099310193743,23.482070748212884,19.39347463011593,-17.872119676499146,17.872119676499146,-0.8671276446380038,0.8671276446380038
fatigue,normal,mfcc_2_std,24.212305704752605,28.86640875680106,11.162595284679877,14.342232402896624,-4.654103052048455,4.654103052048455,-0.34387875135265267,0.34387875135265267
fatigue,normal,mfcc_3_std,16.111111640930176,20.990635531289236,4.5380276535838435,7.212130064420314,-4.87952389035906,4.87952389035906,-0.741651808745966,0.741651808745966
fatigue,normal,mfcc_4_std,7.782267014185588,9.253325871058873,1.5283225476009374,2.7381400459188274,-1.4710588568732854,1.4710588568732854,-0.597398323244016,0.597398323244016
fatigue,normal,mfcc_5_std,13.630963325500488,14.59949357169015,8.84284748659059,8.283487238141323,-0.9685302461896619,0.9685302461896619,-0.1147196544673845,0.1147196544673845
fatigue,normal,mfcc_6_std,7.767531792322795,7.616523095539638,4.626612720479647,3.1458581295792505,0.15100869678315654,0.15100869678315654,0.04173262606561695,0.04173262606561695
fatigue,normal,mfcc_7_std,6.608863115310669,10.473699637821742,2.353234417596548,3.170522566300928,-3.864836522511073,3.864836522511073,-1.3029704828591744,1.3029704828591744
fatigue,normal,mfcc_8_std,7.444841821988423,7.561280693326678,3.260747888497099,2.0010530085818057,-0.11643887133825448,0.11643887133825448,-0.04816049729642223,0.04816049729642223
fatigue,normal,mfcc_9_std,6.569913148880005,7.553131341934204,1.5814867409194566,1.988243093952798,-0.9832181930541992,0.9832181930541992,-0.5218546154401998,0.5218546154401998
fatigue,normal,mfcc_10_std,5.364468415578206,8.172369888850621,1.6846946648431271,2.2948822721900077,-2.8079014732724152,2.8079014732724152,-1.3103364259759958,1.3103364259759958
fatigue,normal,mfcc_11_std,4.816935261090596,6.338567563465664,0.9492609452981745,1.8040025411670773,-1.5216323023750675,1.5216323023750675,-0.9435451652685333,0.9435451652685333
fatigue,normal,mfcc_12_std,4.343783100446065,6.893695729119437,0.8190283471811293,2.143741620644702,-2.549912628673372,2.549912628673372,-1.3619353691750549,1.3619353691750549
fatigue,normal,mfcc_13_std,4.49340037504832,6.2160661561148505,0.836615531261852,2.6453526805312944,-1.7226657810665307,1.7226657810665307,-0.7519435635262236,0.7519435635262236
fatigue,wind,jitter_local,0.008154275642065367,0.06878459697659806,0.002726610708536527,0.01594640411307099,-0.06063032133453269,0.06063032133453269,-8.699136361787572,8.699136361787572
fatigue,wind,shimmer_local,0.07026369454771246,0.2070270886003594,0.02932685120131518,0.001426741344011286,-0.13676339405264692,0.13676339405264692,-5.107310873659371,5.107310873659371
fatigue,wind,hnr_db,12.69393424784037,2.435224632072282,3.6850484729836688,2.440659623724155,10.258709615768087,10.258709615768087,2.9240123508433458,2.9240123508433458
fatigue,wind,cpps_db,10.18374704727126,4.458027037047914,1.0826370175055355,1.1441640875492203,5.725720010223346,5.725720010223346,5.237903354963361,5.237903354963361
fatigue,wind,sample_entropy,0.3930427524685814,1.1210111440059343,0.2276035918067951,0.5227269619227829,-0.7279683915373529,0.7279683915373529,-2.444139831622482,2.444139831622482
fatigue,wind,spectral_entropy,10.383428669028337,13.124600465204914,0.9302152027712122,0.9531174415075295,-2.7411717961765767,2.7411717961765767,-2.9346496095647923,2.9346496095647923
fatigue,wind,f0_mean_hz,199.19295320064518,549.8638546096671,23.37384680201305,35.70935322618015,-350.6709014090219,350.6709014090219,-13.569825858817188,13.569825858817188
fatigue,wind,f0_std_hz,30.889818602722347,9.723436273497192,23.299241642207377,3.174045634321595,21.166382329225154,21.166382329225154,0.9933241192879005,0.9933241192879005
fatigue,wind,f0_min_hz,144.01329047337447,519.1027539226171,54.19180665077611,27.55001882281726,-375.08946344924266,375.08946344924266,-7.393464391622864,7.393464391622864
fatigue,wind,f0_max_hz,253.5780211603075,572.319438392597,30.10541631191664,11.68712076782662,-318.74141723228956,318.74141723228956,-11.42710390108576,11.42710390108576
fatigue,wind,f0_voiced_ratio,0.8496355593599412,0.1397014170040485,0.08177222145660397,0.14918664831815368,0.7099341423558927,0.7099341423558927,7.368931929833522,7.368931929833522
fatigue,wind,alpha_ratio_db,4.799595031541518,-3.5541096613761542,3.8025615005812865,0.44446467512904086,8.353704692917672,8.353704692917672,2.4032611194511726,2.4032611194511726
fatigue,wind,spectral_flux_mean,0.029227530894180082,0.04506562091410155,0.00564163341643682,4.340335143208581e-05,-0.01583809001992147,0.01583809001992147,-3.0752894371492845,3.0752894371492845
fatigue,wind,spectral_flux_std,0.011195249609253234,0.016651589849649102,0.0032371324476195254,0.008434484846081497,-0.005456340240395869,0.005456340240395869,-1.2024883753057074,1.2024883753057074
fatigue,wind,spectral_slope_db_per_hz,-0.0024917223582325166,-0.0033431715601824,0.00016980487863719738,0.00028141196990444833,0.0008514492019498832,0.0008514492019498832,4.4129653707276155,4.4129653707276155
fatigue,wind,spectral_centroid_mean_hz,2300.9205033930284,4172.377108883112,910.2904647007133,710.617335839821,-1871.4566054900833,1871.4566054900833,-2.126261572784964,2.126261572784964
fatigue,wind,spectral_centroid_std_hz,410.5343482119693,962.7325809148415,200.44502039588517,436.9498259054237,-552.1982327028722,552.1982327028722,-2.1608740481888935,2.1608740481888935
fatigue,wind,mfcc_1_mean,-474.8296610514323,-395.2626647949219,56.28836838454641,138.8922755868254,-79.56699625651044,79.56699625651044,-1.0398032701266455,1.0398032701266455
fatigue,wind,mfcc_2_mean,182.83150736490884,127.61618041992188,45.073420063275364,27.45657997246217,55.21532694498697,55.21532694498697,1.2947457445594046,1.2947457445594046
fatigue,wind,mfcc_3_mean,-48.678802808125816,-42.639784812927246,25.42164998924612,15.637989991893164,-6.03901799519857,6.03901799519857,-0.2509062906813829,0.2509062906813829
fatigue,wind,mfcc_4_mean,3.4482768376668296,28.892030239105225,28.456496589421377,21.44589517470071,-25.443753401438396,25.443753401438396,-0.9281687099668383,0.9281687099668383
fatigue,wind,mfcc_5_mean,-25.15061941742897,-44.758849143981934,22.1483954837196,22.553730819780956,19.608229726552963,19.608229726552963,0.882598999439618,0.882598999439618
fatigue,wind,mfcc_6_mean,-15.843696594238281,37.1836576461792,34.264015377730466,21.689430454989868,-53.02735424041748,53.02735424041748,-1.6312190497730918,1.6312190497730918
fatigue,wind,mfcc_7_mean,-1.2449811299641924,-19.580387115478516,16.53925478882125,3.674479590005996,18.335405985514324,18.335405985514324,1.2084595706992451,1.2084595706992451
fatigue,wind,mfcc_8_mean,30.820935408274334,26.352688431739807,12.212519849122907,34.18925832406641,4.468246976534527,4.468246976534527,0.25013240477477033,0.25013240477477033
fatigue,wind,mfcc_9_mean,-14.693161646525065,-5.487664699554443,4.65110114995178,16.382932504750123,-9.205496946970621,9.205496946970621,-1.1619925841449792,1.1619925841449792
fatigue,wind,mfcc_10_mean,-11.17012063662211,-14.301835775375366,4.800268474509689,17.20790446508393,3.131715138753256,3.131715138753256,0.37823820679851716,0.37823820679851716
fatigue,wind,mfcc_11_mean,-4.938218871752421,18.99803066253662,6.5718563903283345,1.074973915883697,-23.936249534289043,23.936249534289043,-3.9792366299311728,3.9792366299311728
fatigue,wind,mfcc_12_mean,-0.08513838052749634,11.866971969604492,6.314159930684381,11.772090879893483,-11.952110350131989,11.952110350131989,-1.5926117973418166,1.5926117973418166
fatigue,wind,mfcc_13_mean,0.7327908277511597,-2.5092685222625732,4.766270362959869,9.435115227747238,3.242059350013733,3.242059350013733,0.5579152357195041,0.5579152357195041
fatigue,wind,mfcc_1_std,63.63781134287516,72.26373100280762,23.482070748212884,11.873076077624736,-8.625919659932457,8.625919659932457,-0.3924923816664005,0.3924923816664005
fatigue,wind,mfcc_2_std,24.212305704752605,24.333599090576172,11.162595284679877,2.406858835899976,-0.12129338582356652,0.12129338582356652,-0.011848211679502398,0.011848211679502398
fatigue,wind,mfcc_3_std,16.111111640930176,23.04701328277588,4.5380276535838435,9.047113026229887,-6.935901641845703,6.935901641845703,-1.2496993999413797,1.2496993999413797
fatigue,wind,mfcc_4_std,7.782267014185588,12.332546710968018,1.5283225476009374,1.7385534549769217,-4.55027969678243,4.55027969678243,-2.90692694372744,2.90692694372744
fatigue,wind,mfcc_5_std,13.630963325500488,21.547466278076172,8.84284748659059,5.667989109694173,-7.916502952575684,7.916502952575684,-0.9427238265934421,0.9427238265934421
fatigue,wind,mfcc_6_std,7.767531792322795,10.090251684188843,4.626612720479647,4.426194932831262,-2.322719891866048,2.322719891866048,-0.505618724177757,0.505618724177757
fatigue,wind,mfcc_7_std,6.608863115310669,10.822191715240479,2.353234417596548,2.867019476641068,-4.21332859992981,4.21332859992981,-1.7222776284504322,1.7222776284504322
fatigue,wind,mfcc_8_std,7.444841821988423,10.593533992767334,3.260747888497099,1.671338335321324,-3.1486921707789106,3.1486921707789106,-1.0310588312167777,1.0310588312167777
fatigue,wind,mfcc_9_std,6.569913148880005,8.209681987762451,1.5814867409194566,1.2473423880008832,-1.6397688388824463,1.6397688388824463,-1.0711357630796912,1.0711357630796912
fatigue,wind,mfcc_10_std,5.364468415578206,10.52964735031128,1.6846946648431271,2.3543613957443816,-5.165178934733073,5.165178934733073,-2.8480883331800437,2.8480883331800437
fatigue,wind,mfcc_11_std,4.816935261090596,7.287963628768921,0.9492609452981745,0.5492951561954487,-2.4710283676783247,2.4710283676783247,-2.7606220345948547,2.7606220345948547
fatigue,wind,mfcc_12_std,4.343783100446065,7.907712697982788,0.8190283471811293,2.112067255850167,-3.563929597536723,3.563929597536723,-3.1227987311514016,3.1227987311514016
fatigue,wind,mfcc_13_std,4.49340037504832,7.5937583446502686,0.836615531261852,1.2398486783356455,-3.1003579696019488,3.1003579696019488,-3.3838246529007154,3.3838246529007154
hoarsed,normal,jitter_local,0.021422882518996853,0.004884150535626957,0.015633772857435214,0.0017581151643062333,0.016538731983369897,0.016538731983369897,1.4605658850930245,1.4605658850930245
hoarsed,normal,shimmer_local,0.09773073114554866,0.04459556121545696,0.047552817319787,0.03804134004674267,0.0531351699300917,0.0531351699300917,1.2289790994333618,1.2289790994333618
hoarsed,normal,hnr_db,9.877943534344203,19.98296848164554,5.435515029300863,4.473971898176597,-10.105024947301336,10.105024947301336,-2.022742222261798,2.022742222261798
hoarsed,normal,cpps_db,9.607261926979723,11.19677956864898,1.7094248306931028,2.2810384991093824,-1.5895176416692571,1.5895176416692571,-0.7927404826847165,0.7927404826847165
hoarsed,normal,sample_entropy,0.5533005855210145,0.5076392244026463,0.33287509299179313,0.47174253595965254,0.04566136111836816,0.04566136111836816,0.11254554958364213,0.11254554958364213
hoarsed,normal,spectral_entropy,10.94388267591737,7.869632554546853,1.6804373043334462,1.8725188978173959,3.0742501213705173,3.0742501213705173,1.7314676999722924,1.7314676999722924
hoarsed,normal,f0_mean_hz,195.94251529449878,206.57606151216268,38.48454168754062,52.8800833524677,-10.633546217663906,10.633546217663906,-0.23125558357298112,0.23125558357298112
hoarsed,normal,f0_std_hz,46.04795486027542,7.483609639312459,47.524433709907015,9.765646644246479,38.564345220962956,38.564345220962956,1.1054407501382235,1.1054407501382235
hoarsed,normal,f0_min_hz,122.99092662948638,176.47383542778633,68.1359130681734,69.27402975335285,-53.482908798299945,53.482908798299945,-0.7786552528549749,0.7786552528549749
hoarsed,normal,f0_max_hz,270.1575775263667,233.21476647558325,92.03884214509229,62.33404814306496,36.94281105078346,36.94281105078346,0.4667987938304875,0.4667987938304875
hoarsed,normal,f0_voiced_ratio,0.6154253946319295,0.8637738812452583,0.2722344185895829,0.05550110549796784,-0.24834848661332887,0.24834848661332887,-1.2431204438998782,1.2431204438998782
hoarsed,normal,alpha_ratio_db,6.159425240002512,9.78309073348546,5.484763146889771,6.932600379962883,-3.6236654934829486,3.6236654934829486,-0.5822033598227446,0.5822033598227446
hoarsed,normal,spectral_flux_mean,0.03945820567508534,0.026675455937428094,0.012651189450475544,0.006003671012775371,0.012782749737657244,0.012782749737657244,1.276077010041467,1.276077010041467
hoarsed,normal,spectral_flux_std,0.016473482241060714,0.022576890692235015,0.006321356950532804,0.009016213213448773,-0.0061034084511743004,0.0061034084511743004,-0.7888648264397286,0.7888648264397286
hoarsed,normal,spectral_slope_db_per_hz,-0.0027220285171610003,-0.0021887537780039285,0.00036521401715367837,0.0002700405439660568,-0.0005332747391570717,0.0005332747391570717,-1.651462876662663,1.651462876662663
hoarsed,normal,spectral_centroid_mean_hz,2569.7392903266136,2001.6733675164967,868.52648207712,553.8426221880123,568.065922810117,568.065922810117,0.7738795082605457,0.7738795082605457
hoarsed,normal,spectral_centroid_std_hz,535.9254940266876,539.7155123572439,214.89535471535692,291.5251178538768,-3.790018330556336,3.790018330556336,-0.014881158489824783,0.014881158489824783
hoarsed,normal,mfcc_1_mean,-378.10597534179686,-410.35034833635603,72.76092554051873,47.208795437403566,32.24437299455917,32.24437299455917,0.521826061204658,0.521826061204658
hoarsed,normal,mfcc_2_mean,168.80635884602864,162.5415758405413,28.899257825237868,25.647889501586114,6.264783005487345,6.264783005487345,0.22879185547346226,0.22879185547346226
hoarsed,normal,mfcc_3_mean,-38.75020984013875,-30.98635114942278,27.567176593055205,23.59026590054216,-7.763858690715971,7.763858690715971,-0.30175264608413643,0.30175264608413643
hoarsed,normal,mfcc_4_mean,17.55293108622233,11.897525719233922,27.230677627816537,23.429990982971997,5.655405366988408,5.655405366988408,0.22202781427935706,0.22202781427935706
hoarsed,normal,mfcc_5_mean,-33.52089145183563,-9.962712798799787,24.367067224134495,23.612284353254488,-23.558178653035846,23.558178653035846,-0.981320271447554,0.981320271447554
hoarsed,normal,mfcc_6_mean,3.8317506631215412,5.329466887882778,23.367789987408095,19.329737893596697,-1.4977162247612368,1.4977162247612368,-0.06960184031706025,0.06960184031706025
hoarsed,normal,mfcc_7_mean,-13.230841700236002,-10.925965262310845,16.01029011031329,8.857166451552075,-2.3048764379251576,2.3048764379251576,-0.17642166636097387,0.17642166636097387
hoarsed,normal,mfcc_8_mean,24.379607804616292,21.519759723118373,14.740530192675404,10.576728500867592,2.859848081497919,2.859848081497919,0.22161551873109783,0.22161551873109783
hoarsed,normal,mfcc_9_mean,-13.305412709712982,-2.766611940094403,13.055298786261039,11.92559989023834,-10.538800769618579,10.538800769618579,-0.8414819319234912,0.8414819319234912
hoarsed,normal,mfcc_10_mean,-14.021076027552287,-14.120933737073626,8.91015414151385,9.030311592532446,0.09985770952133954,0.09985770952133954,0.011134632674030956,0.011134632674030956
hoarsed,normal,mfcc_11_mean,6.108600433667501,2.7103565505572726,9.753150263245342,10.691816991433033,3.3982438831102284,3.3982438831102284,0.33264352084040855,0.33264352084040855
hoarsed,normal,mfcc_12_mean,-2.1198933442433674,5.28680516566549,10.920523491557804,11.836131611022568,-7.406698509908858,7.406698509908858,-0.6513914987363301,0.6513914987363301
hoarsed,normal,mfcc_13_mean,1.0677499254544576,-0.6928167045116425,11.399753457892512,9.361581986673105,1.7605666299661,1.7605666299661,0.1681845126300494,0.1681845126300494
hoarsed,normal,mfcc_1_std,70.42722307840982,81.5099310193743,32.2838147413101,19.39347463011593,-11.082707940964482,11.082707940964482,-0.41259523776850787,0.41259523776850787
hoarsed,normal,mfcc_2_std,24.75178419748942,28.86640875680106,10.546030275610017,14.342232402896624,-4.11462455931164,4.11462455931164,-0.32868696929589636,0.32868696929589636
hoarsed,normal,mfcc_3_std,17.22284984588623,20.990635531289236,6.147885984902506,7.212130064420314,-3.7677856854030054,3.7677856854030054,-0.5639136725542624,0.5639136725542624
hoarsed,normal,mfcc_4_std,10.662322044372559,9.253325871058873,3.4457024441531066,2.7381400459188274,1.4089961733136853,1.4089961733136853,0.45086630878588163,0.45086630878588163
hoarsed,normal,mfcc_5_std,17.030919488271078,14.59949357169015,8.174484478151332,8.283487238141323,2.4314259165809275,2.4314259165809275,0.2955369278024142,0.2955369278024142
hoarsed,normal,mfcc_6_std,7.710032653808594,7.616523095539638,1.9038588117822421,3.1458581295792505,0.09350955826895557,0.09350955826895557,0.03627670866624275,0.03627670866624275
hoarsed,normal,mfcc_7_std,10.776522827148437,10.473699637821742,5.10973847574292,3.170522566300928,0.30282318932669483,0.30282318932669483,0.07063792356120766,0.07063792356120766
hoarsed,normal,mfcc_8_std,8.077933820088704,7.561280693326678,2.7726412656837276,2.0010530085818057,0.5166531267620265,0.5166531267620265,0.21244926850116358,0.21244926850116358
hoarsed,normal,mfcc_9_std,8.13822374343872,7.553131341934204,2.367006328476866,1.988243093952798,0.5850924015045162,0.5850924015045162,0.2668218033018895,0.2668218033018895
hoarsed,normal,mfcc_10_std,7.9001728057861325,8.172369888850621,2.308072078712189,2.2948822721900077,-0.27219708306448887,0.27219708306448887,-0.11825756307247529,0.11825756307247529
hoarsed,normal,mfcc_11_std,6.98631919225057,6.338567563465664,2.126371816779144,1.8040025411670773,0.6477516287849063,0.6477516287849063,0.32752325209612176,0.32752325209612176
hoarsed,normal,mfcc_12_std,7.736848672231038,6.893695729119437,2.6982960864955983,2.143741620644702,0.8431529431116012,0.8431529431116012,0.34456219557896156,0.34456219557896156
hoarsed,normal,mfcc_13_std,6.767851463953654,6.2160661561148505,2.145713999701152,2.6453526805312944,0.5517853078388031,0.5517853078388031,0.2299772317202044,0.2299772317202044
hoarsed,wind,jitter_local,0.021422882518996853,0.06878459697659806,0.015633772857435214,0.01594640411307099,-0.047361714457601206,0.047361714457601206,-3.0253779470722573,3.0253779470722573
hoarsed,wind,shimmer_local,0.09773073114554866,0.2070270886003594,0.047552817319787,0.001426741344011286,-0.10929635745481074,0.10929635745481074,-2.3790144814280203,2.3790144814280203
hoarsed,wind,hnr_db,9.877943534344203,2.435224632072282,5.435515029300863,2.440659623724155,7.4427189022719205,7.4427189022719205,1.4072381673370218,1.4072381673370218
hoarsed,wind,cpps_db,9.607261926979723,4.458027037047914,1.7094248306931028,1.1441640875492203,5.149234889931809,5.149234889931809,3.0692656571534793,3.0692656571534793
hoarsed,wind,sample_entropy,0.5533005855210145,1.1210111440059343,0.33287509299179313,0.5227269619227829,-0.5677105584849198,0.5677105584849198,-1.6277874069465375,1.6277874069465375
hoarsed,wind,spectral_entropy,10.94388267591737,13.124600465204914,1.6804373043334462,0.9531174415075295,-2.1807177892875433,2.1807177892875433,-1.3280839489161702,1.3280839489161702
hoarsed,wind,f0_mean_hz,195.94251529449878,549.8638546096671,38.48454168754062,35.70935322618015,-353.9213393151683,353.9213393151683,-9.239370542142362,9.239370542142362
hoarsed,wind,f0_std_hz,46.04795486027542,9.723436273497192,47.524433709907015,3.174045634321595,36.324518586778225,36.324518586778225,0.7910343690994899,0.7910343690994899
hoarsed,wind,f0_min_hz,122.99092662948638,519.1027539226171,68.1359130681734,27.55001882281726,-396.1118272931308,396.1118272931308,-5.982768751775222,5.982768751775222
hoarsed,wind,f0_max_hz,270.1575775263667,572.319438392597,92.03884214509229,11.68712076782662,-302.1618608662303,302.1618608662303,-3.396254007500793,3.396254007500793
hoarsed,wind,f0_voiced_ratio,0.6154253946319295,0.1397014170040485,0.2722344185895829,0.14918664831815368,0.475723977627881,0.475723977627881,1.7897190885015468,1.7897190885015468
hoarsed,wind,alpha_ratio_db,6.159425240002512,-3.5541096613761542,5.484763146889771,0.44446467512904086,9.713534901378665,9.713534901378665,1.8327330308446543,1.8327330308446543
hoarsed,wind,spectral_flux_mean,0.03945820567508534,0.04506562091410155,0.012651189450475544,4.340335143208581e-05,-0.005607415239016214,0.005607415239016214,-0.4587887789443373,0.4587887789443373
hoarsed,wind,spectral_flux_std,0.016473482241060714,0.016651589849649102,0.006321356950532804,0.008434484846081497,-0.00017810760858838828,0.00017810760858838828,-0.02747008311874211,0.02747008311874211
hoarsed,wind,spectral_slope_db_per_hz,-0.0027220285171610003,-0.0033431715601824,0.00036521401715367837,0.00028141196990444833,0.0006211430430213996,0.0006211430430213996,1.724275422785254,1.724275422785254
hoarsed,wind,spectral_centroid_mean_hz,2569.7392903266136,4172.377108883112,868.52648207712,710.617335839821,-1602.6378185564981,1602.6378185564981,-1.8659127192902811,1.8659127192902811
hoarsed,wind,spectral_centroid_std_hz,535.9254940266876,962.7325809148415,214.89535471535692,436.9498259054237,-426.8070868881539,426.8070868881539,-1.806337993236696,1.806337993236696
hoarsed,wind,mfcc_1_mean,-378.10597534179686,-395.2626647949219,72.76092554051873,138.8922755868254,17.15668945312501,17.15668945312501,0.21741239607195928,0.21741239607195928
hoarsed,wind,mfcc_2_mean,168.80635884602864,127.61618041992188,28.899257825237868,27.45657997246217,41.19017842610677,41.19017842610677,1.4299500220667463,1.4299500220667463
hoarsed,wind,mfcc_3_mean,-38.75020984013875,-42.639784812927246,27.567176593055205,15.637989991893164,3.8895749727884947,3.8895749727884947,0.14439653915004297,0.14439653915004297
hoarsed,wind,mfcc_4_mean,17.55293108622233,28.892030239105225,27.230677627816537,21.44589517470071,-11.339099152882895,11.339099152882895,-0.42178218741523027,0.42178218741523027
hoarsed,wind,mfcc_5_mean,-33.52089145183563,-44.758849143981934,24.367067224134495,22.553730819780956,11.237957692146303,11.237957692146303,0.46341335006267276,0.46341335006267276
hoarsed,wind,mfcc_6_mean,3.8317506631215412,37.1836576461792,23.367789987408095,21.689430454989868,-33.35190698305766,33.35190698305766,-1.4338944061410717,1.4338944061410717
hoarsed,wind,mfcc_7_mean,-13.230841700236002,-19.580387115478516,16.01029011031329,3.674479590005996,6.349545415242513,6.349545415242513,0.4097411498057472,0.4097411498057472
hoarsed,wind,mfcc_8_mean,24.379607804616292,26.352688431739807,14.740530192675404,34.18925832406641,-1.9730806271235153,1.9730806271235153,-0.11776182123288632,0.11776182123288632
hoarsed,wind,mfcc_9_mean,-13.305412709712982,-5.487664699554443,13.055298786261039,16.382932504750123,-7.817748010158539,7.817748010158539,-0.5876652880511695,0.5876652880511695
hoarsed,wind,mfcc_10_mean,-14.021076027552287,-14.301835775375366,8.91015414151385,17.20790446508393,0.28075974782307966,0.28075974782307966,0.028983000103254827,0.028983000103254827
hoarsed,wind,mfcc_11_mean,6.108600433667501,18.99803066253662,9.753150263245342,1.074973915883697,-12.88943022886912,12.88943022886912,-1.3673574959179347,1.3673574959179347
hoarsed,wind,mfcc_12_mean,-2.1198933442433674,11.866971969604492,10.920523491557804,11.772090879893483,-13.98686531384786,13.98686531384786,-1.2739247518262373,1.2739247518262373
hoarsed,wind,mfcc_13_mean,1.0677499254544576,-2.5092685222625732,11.399753457892512,9.435115227747238,3.577018447717031,3.577018447717031,0.31712762388553933,0.31712762388553933
hoarsed,wind,mfcc_1_std,70.42722307840982,72.26373100280762,32.2838147413101,11.873076077624736,-1.836507924397793,1.836507924397793,-0.05860055770699118,0.05860055770699118
hoarsed,wind,mfcc_2_std,24.75178419748942,24.333599090576172,10.546030275610017,2.406858835899976,0.41818510691324917,0.41818510691324917,0.04096894439765242,0.04096894439765242
hoarsed,wind,mfcc_3_std,17.22284984588623,23.04701328277588,6.147885984902506,9.047113026229887,-5.824163436889648,5.824163436889648,-0.9125530520117267,0.9125530520117267
hoarsed,wind,mfcc_4_std,10.662322044372559,12.332546710968018,3.4457024441531066,1.7385534549769217,-1.670224666595459,1.670224666595459,-0.4972394441054055,0.4972394441054055
hoarsed,wind,mfcc_5_std,17.030919488271078,21.547466278076172,8.174484478151332,5.667989109694173,-4.516546789805094,4.516546789805094,-0.5623360726415558,0.5623360726415558
hoarsed,wind,mfcc_6_std,7.710032653808594,10.090251684188843,1.9038588117822421,4.426194932831262,-2.380219030380249,2.380219030380249,-1.0991869458441823,1.0991869458441823
hoarsed,wind,mfcc_7_std,10.776522827148437,10.822191715240479,5.10973847574292,2.867019476641068,-0.045668888092041726,0.045668888092041726,-0.009149016924662063,0.009149016924662063
hoarsed,wind,mfcc_8_std,8.077933820088704,10.593533992767334,2.7726412656837276,1.671338335321324,-2.5156001726786297,2.5156001726786297,-0.9271830550059331,0.9271830550059331
hoarsed,wind,mfcc_9_std,8.13822374343872,8.209681987762451,2.367006328476866,1.2473423880008832,-0.07145824432373082,0.07145824432373082,-0.030943501686377283,0.030943501686377283
hoarsed,wind,mfcc_10_std,7.9001728057861325,10.52964735031128,2.308072078712189,2.3543613957443816,-2.629474544525147,2.629474544525147,-1.1377161108435694,1.1377161108435694
hoarsed,wind,mfcc_11_std,6.98631919225057,7.287963628768921,2.126371816779144,0.5492951561954487,-0.3016444365183508,0.3016444365183508,-0.14648904154801112,0.14648904154801112
hoarsed,wind,mfcc_12_std,7.736848672231038,7.907712697982788,2.6982960864955983,2.112067255850167,-0.17086402575174997,0.17086402575174997,-0.06415664866248684,0.06415664866248684
hoarsed,wind,mfcc_13_std,6.767851463953654,7.5937583446502686,2.145713999701152,1.2398486783356455,-0.825906880696615,0.825906880696615,-0.3937521684448087,0.3937521684448087
normal,wind,jitter_local,0.004884150535626957,0.06878459697659806,0.0017581151643062333,0.01594640411307099,-0.06390044644097109,0.06390044644097109,-13.93307859395352,13.93307859395352
normal,wind,shimmer_local,0.04459556121545696,0.2070270886003594,0.03804134004674267,0.001426741344011286,-0.16243152738490244,0.16243152738490244,-4.430812459335977,4.430812459335977
normal,wind,hnr_db,19.98296848164554,2.435224632072282,4.473971898176597,2.440659623724155,17.54774384957326,17.54774384957326,4.024440173319908,4.024440173319908
normal,wind,cpps_db,11.19677956864898,4.458027037047914,2.2810384991093824,1.1441640875492203,6.738752531601066,6.738752531601066,3.0365241831002066,3.0365241831002066
normal,wind,sample_entropy,0.5076392244026463,1.1210111440059343,0.47174253595965254,0.5227269619227829,-0.613371919603288,0.613371919603288,-1.2897735681573035,1.2897735681573035
normal,wind,spectral_entropy,7.869632554546853,13.124600465204914,1.8725188978173959,0.9531174415075295,-5.254967910658061,5.254967910658061,-2.883706906477562,2.883706906477562
normal,wind,f0_mean_hz,206.57606151216268,549.8638546096671,52.8800833524677,35.70935322618015,-343.2877930975044,343.2877930975044,-6.621738202016845,6.621738202016845
normal,wind,f0_std_hz,7.483609639312459,9.723436273497192,9.765646644246479,3.174045634321595,-2.239826634184733,2.239826634184733,-0.237054561110154,0.237054561110154
normal,wind,f0_min_hz,176.47383542778633,519.1027539226171,69.27402975335285,27.55001882281726,-342.6289184948308,342.6289184948308,-5.101759271940167,5.101759271940167
normal,wind,f0_max_hz,233.21476647558325,572.319438392597,62.33404814306496,11.68712076782662,-339.1046719170138,339.1046719170138,-5.637861330578079,5.637861330578079
normal,wind,f0_voiced_ratio,0.8637738812452583,0.1397014170040485,0.05550110549796784,0.14918664831815368,0.7240724642412099,0.7240724642412099,10.854174362105365,10.854174362105365
normal,wind,alpha_ratio_db,9.78309073348546,-3.5541096613761542,6.932600379962883,0.44446467512904086,13.337200394861615,13.337200394861615,1.996145546747923,1.996145546747923
normal,wind,spectral_flux_mean,0.026675455937428094,0.04506562091410155,0.006003671012775371,4.340335143208581e-05,-0.018390164976673458,0.018390164976673458,-3.1787780688218845,3.1787780688218845
normal,wind,spectral_flux_std,0.022576890692235015,0.016651589849649102,0.009016213213448773,0.008434484846081497,0.005925300842585912,0.005925300842585912,0.6601336013714402,0.6601336013714402
normal,wind,spectral_slope_db_per_hz,-0.0021887537780039285,-0.0033431715601824,0.0002700405439660568,0.00028141196990444833,0.0011544177821784713,0.0011544177821784713,4.2619103625432615,4.2619103625432615
normal,wind,spectral_centroid_mean_hz,2001.6733675164967,4172.377108883112,553.8426221880123,710.617335839821,-2170.703741366615,2170.703741366615,-3.8319056255520128,3.8319056255520128
normal,wind,spectral_centroid_std_hz,539.7155123572439,962.7325809148415,291.5251178538768,436.9498259054237,-423.01706855759755,423.01706855759755,-1.3904664035316578,1.3904664035316578
normal,wind,mfcc_1_mean,-410.35034833635603,-395.2626647949219,47.208795437403566,138.8922755868254,-15.08768354143416,15.08768354143416,-0.256966152753116,0.256966152753116
normal,wind,mfcc_2_mean,162.5415758405413,127.61618041992188,25.647889501586114,27.45657997246217,34.925395420619424,34.925395420619424,1.3546798985004198,1.3546798985004198
normal,wind,mfcc_3_mean,-30.98635114942278,-42.639784812927246,23.59026590054216,15.637989991893164,11.653433663504465,11.653433663504465,0.5041903848280362,0.5041903848280362
normal,wind,mfcc_4_mean,11.897525719233922,28.892030239105225,23.429990982971997,21.44589517470071,-16.994504519871303,16.994504519871303,-0.7295696599262759,0.7295696599262759
normal,wind,mfcc_5_mean,-9.962712798799787,-44.758849143981934,23.612284353254488,22.553730819780956,34.79613634518215,34.79613634518215,1.47828037910082,1.47828037910082
normal,wind,mfcc_6_mean,5.329466887882778,37.1836576461792,19.329737893596697,21.689430454989868,-31.854190758296422,31.854190758296422,-1.6328988078077946,1.6328988078077946
normal,wind,mfcc_7_mean,-10.925965262310845,-19.580387115478516,8.857166451552075,3.674479590005996,8.65442185316767,8.65442185316767,1.0073482217973493,1.0073482217973493
normal,wind,mfcc_8_mean,21.519759723118373,26.352688431739807,10.576728500867592,34.18925832406641,-4.832928708621434,4.832928708621434,-0.35306970912839286,0.35306970912839286
normal,wind,mfcc_9_mean,-2.766611940094403,-5.487664699554443,11.92559989023834,16.382932504750123,2.7210527594600404,2.7210527594600404,0.22126561273109968,0.22126561273109968
normal,wind,mfcc_10_mean,-14.120933737073626,-14.301835775375366,9.030311592532446,17.20790446508393,0.18090203830174012,0.18090203830174012,0.01837989021173119,0.01837989021173119
normal,wind,mfcc_11_mean,2.7103565505572726,18.99803066253662,10.691816991433033,1.074973915883697,-16.28767411197935,16.28767411197935,-1.5802693288551828,1.5802693288551828
normal,wind,mfcc_12_mean,5.28680516566549,11.866971969604492,11.836131611022568,11.772090879893483,-6.580166803939002,6.580166803939002,-0.5561533666957783,0.5561533666957783
normal,wind,mfcc_13_mean,-0.6928167045116425,-2.5092685222625732,9.361581986673105,9.435115227747238,1.8164518177509308,1.8164518177509308,0.1939233721105232,0.1939233721105232
normal,wind,mfcc_1_std,81.5099310193743,72.26373100280762,19.39347463011593,11.873076077624736,9.24620001656669,9.24620001656669,0.48778428858227024,0.48778428858227024
normal,wind,mfcc_2_std,28.86640875680106,24.333599090576172,14.342232402896624,2.406858835899976,4.532809666224889,4.532809666224889,0.3276220820130729,0.3276220820130729
normal,wind,mfcc_3_std,20.990635531289236,23.04701328277588,7.212130064420314,9.047113026229887,-2.056377751486643,2.056377751486643,-0.2794602336495745,0.2794602336495745
normal,wind,mfcc_4_std,9.253325871058873,12.332546710968018,2.7381400459188274,1.7385534549769217,-3.0792208399091443,3.0792208399091443,-1.149332764673154,1.149332764673154
normal,wind,mfcc_5_std,14.59949357169015,21.547466278076172,8.283487238141323,5.667989109694173,-6.947972706386022,6.947972706386022,-0.8551732986941276,0.8551732986941276
normal,wind,mfcc_6_std,7.616523095539638,10.090251684188843,3.1458581295792505,4.426194932831262,-2.4737285886492044,2.4737285886492044,-0.7601975582771586,0.7601975582771586
normal,wind,mfcc_7_std,10.473699637821742,10.822191715240479,3.170522566300928,2.867019476641068,-0.34849207741873656,0.34849207741873656,-0.11063894691528751,0.11063894691528751
normal,wind,mfcc_8_std,7.561280693326678,10.593533992767334,2.0010530085818057,1.671338335321324,-3.032253299440656,3.032253299440656,-1.5319639027209326,1.5319639027209326
normal,wind,mfcc_9_std,7.553131341934204,8.209681987762451,1.988243093952798,1.2473423880008832,-0.6565506458282471,0.6565506458282471,-0.3376093293446291,0.3376093293446291
normal,wind,mfcc_10_std,8.172369888850621,10.52964735031128,2.2948822721900077,2.3543613957443816,-2.357277461460658,2.357277461460658,-1.0252679675393688,1.0252679675393688
normal,wind,mfcc_11_std,6.338567563465664,7.287963628768921,1.8040025411670773,0.5492951561954487,-0.9493960653032572,0.9493960653032572,-0.5442011915529004,0.5442011915529004
normal,wind,mfcc_12_std,6.893695729119437,7.907712697982788,2.143741620644702,2.112067255850167,-1.0140169688633511,1.0140169688633511,-0.4735089783764621,0.4735089783764621
normal,wind,mfcc_13_std,6.2160661561148505,7.5937583446502686,2.6453526805312944,1.2398486783356455,-1.377692188535418,1.377692188535418,-0.5359476001441983,0.5359476001441983
